#{"t_start": 1747784424.7771115, "env_id": "None"}
r,l,t
-491149.308362,150,29.63474
-520555.522299,150,52.578692
-1049766.257587,150,72.925597
-512201.014872,150,81.698921
-515893.147288,150,91.180684
-509659.646955,150,101.846046
-511353.845222,150,111.048585
-511426.529982,150,119.841735
-513671.680729,150,128.734775
-509017.800002,150,137.195345
-511705.731377,150,145.61051
-508240.562729,150,156.364954
-513543.343238,150,167.427708
-511740.986101,150,175.940116
-511928.324129,150,184.911929
-513408.256269,150,194.161637
-511425.773179,150,203.426514
-513233.95533,150,212.197614
-509507.994435,150,221.257102
-515502.669192,150,232.510603
-510853.015327,150,240.890563
-510466.939417,150,250.165653
-512451.17718,150,260.247683
-510430.73946,150,269.435062
-511660.270423,150,278.116343
-508233.613241,150,287.258816
-509356.594212,150,296.037632
-514233.647215,150,305.680051
-511833.811311,150,314.370048
-508701.032249,150,322.894917
-513582.494127,150,332.086382
-510561.79328,150,340.160264
-512235.347502,150,348.216589
-510611.669447,150,356.910176
-510144.755741,150,365.099776
-511172.645337,150,374.309938
-510252.294416,150,383.099845
-506967.698899,150,391.939533
-508067.180545,150,400.323302
-512438.598305,150,409.596239
-511116.330331,150,418.322619
-516962.678559,150,426.302606
-510008.399672,150,434.792436
-513019.697856,150,444.044125
-512714.241002,150,452.39268
-508796.556146,150,461.131204
-511077.928482,150,471.943352
-513574.727712,150,481.254538
-509856.069142,150,492.586746
-510733.69724,150,500.700494
-511523.003962,150,509.455498
-511374.369668,150,518.060283
-510806.387952,150,527.082384
-509702.751964,150,535.8576
-506911.442967,150,544.890196
-513491.874352,150,553.503287
-511451.347211,150,562.109579
-511891.58479,150,571.652194
-512495.774937,150,580.753368
-510741.431292,150,589.835311
-512374.018905,150,598.48255
-513193.268432,150,607.350212
-511612.81864,150,616.156189
-510986.476476,150,624.573634
-511223.136059,150,633.044592
-509975.704155,150,641.44632
-512990.775582,150,650.46061
-511898.716812,150,661.653517
-511776.387914,150,670.761288
-514280.093898,150,680.130509
-513253.122456,150,691.529613
-511097.57411,150,700.005944
-512899.300091,150,708.836237
-510650.161753,150,717.708933
-515133.649579,150,726.544713
-511196.11086,150,738.289116
-513911.672174,150,747.617114
-512228.270924,150,756.601032
-511788.85182,150,766.232242
-507219.020725,150,775.472702
-512707.481365,150,784.15342
-511847.887481,150,795.551032
-510952.060141,150,804.59288
-512644.507009,150,813.770582
-513529.589615,150,822.831437
-511674.878201,150,832.07963
-510399.430952,150,840.915125
-514323.857877,150,852.724262
-516273.559943,150,861.958044
-509531.323597,150,871.160585
-512852.697623,150,880.195467
-510825.740895,150,889.257381
-510667.299613,150,897.591336
-514222.200605,150,906.872391
-514450.298566,150,915.343862
-511618.873684,150,926.369751
-514804.519216,150,935.712192
-511236.85956,150,945.089931
-510876.341735,150,953.756923
-512850.356767,150,964.248428
-512339.609997,150,972.636879
-510523.458875,150,981.898215
-510892.244876,150,991.352022
-511898.216214,150,1000.064101
-510787.772929,150,1008.84794
-511694.631369,150,1017.730796
-510612.839423,150,1026.570466
-510944.414189,150,1035.179932
-507858.431555,150,1044.352443
-512632.749517,150,1053.617755
-512700.599418,150,1062.715503
-513416.009364,150,1071.921403
-506639.828383,150,1080.868563
-509969.487009,150,1090.343622
-512675.880394,150,1099.33467
-512765.427115,150,1110.372224
-511596.007864,150,1118.9881
-514273.297243,150,1128.286708
-510063.562314,150,1137.362551
-515504.716787,150,1149.194559
-514261.528994,150,1160.686967
-511191.804252,150,1169.421074
-508180.856287,150,1179.174993
-513916.442523,150,1187.871628
-509218.935437,150,1196.655408
-508907.200895,150,1205.636532
-511520.678215,150,1216.81724
-512452.128014,150,1225.52555
-511218.725035,150,1234.20392
-511089.584787,150,1243.354132
-513177.707294,150,1255.441418
-510801.492202,150,1264.157092
-512830.829385,150,1276.017602
-510469.324605,150,1284.752517
-511814.484346,150,1293.647006
-512631.916023,150,1304.650718
-509964.845684,150,1313.182607
-511080.950534,150,1323.699132
-509041.437402,150,1334.535455
-508254.003787,150,1343.307024
-513712.091001,150,1352.571024
-512084.714953,150,1363.867857
-514148.814044,150,1372.602098
-512759.737718,150,1381.771703
-509327.564758,150,1390.743894
-515295.177613,150,1399.511285
-512903.173725,150,1412.988567
-512488.515248,150,1421.888421
-511581.745358,150,1432.936318
-515351.922226,150,1441.78165
-512811.092889,150,1452.808761
-512199.807926,150,1462.393932
-510675.200637,150,1470.525005
-512626.379499,150,1481.836406
-513856.268058,150,1490.90833
-508658.162091,150,1499.279599
-509538.009368,150,1508.211959
-509667.647244,150,1517.53098
-512821.06093,150,1529.399625
-507132.299196,150,1540.538682
-513450.621411,150,1549.876098
-508130.334607,150,1558.422477
-513618.980373,150,1569.40487
-512337.583743,150,1580.611462
-512091.129773,150,1588.992359
-510852.505057,150,1600.073614
-513586.23246,150,1608.338267
-514790.551719,150,1617.135265
-509095.722083,150,1628.386139
-512101.737105,150,1636.432409
-515132.607729,150,1646.040027
-508924.773114,150,1654.670752
-510947.61415,150,1665.905471
-509351.684534,150,1674.392006
-511384.774288,150,1683.136466
-512113.377544,150,1694.32125
-511025.748524,150,1705.768165
-513281.005555,150,1714.853771
-508911.158006,150,1723.288462
-512152.834862,150,1731.617456
-509987.905733,150,1739.942731
-512659.336598,150,1748.416678
-516832.77663,150,1757.343588
-510807.818961,150,1766.180172
-510186.382627,150,1775.148325
-510701.307253,150,1783.843878
-507831.815377,150,1792.396826
-511649.132603,150,1800.612879
-511002.168379,150,1809.012336
-511496.227409,150,1817.895696
-517228.147242,150,1826.500186
-511686.778259,150,1835.216388
-510673.949228,150,1844.308764
-509702.084048,150,1853.104979
-511707.227118,150,1861.982335
-511056.409011,150,1870.725545
-511169.50174,150,1879.114691
-513020.838177,150,1888.018436
-514576.147598,150,1896.38301
-511141.63283,150,1904.813173
-508818.007652,150,1916.364464
-509271.88013,150,1925.132765
-511947.085114,150,1933.523261
-514040.70274,150,1941.867912
-510544.76371,150,1952.834845
-509338.085133,150,1961.140066
-513968.136381,150,1969.891232
-509175.907012,150,1978.456531
-512693.459858,150,1987.088291
-512071.633112,150,1995.911199
-513023.424961,150,2004.902135
-510368.22834,150,2013.680247
-510015.277806,150,2022.272748
-512011.328211,150,2030.858345
-506870.467634,150,2039.408368
-516120.937865,150,2048.353619
-512369.780436,150,2056.359456
-512599.668508,150,2065.565908
-510314.357367,150,2074.316424
-512598.451678,150,2083.42253
-514193.358936,150,2092.46771
-508984.707414,150,2101.539907
-513745.288905,150,2110.124544
-511414.655152,150,2118.377797
-507566.128982,150,2127.244224
-514471.77776,150,2136.014104
-512237.640765,150,2147.13891
-511336.679206,150,2155.206368
-510719.44766,150,2163.691322
-512497.91777,150,2172.321884
-511267.101704,150,2180.212898
-514611.258717,150,2189.440366
-515111.920175,150,2200.5168
-509303.146141,150,2209.320832
-513940.865544,150,2217.738093
-513257.571214,150,2226.390163
-509757.457207,150,2235.623626
-514553.977954,150,2244.568999
-507835.598043,150,2253.148061
-511999.196999,150,2261.962808
-510362.116143,150,2270.568907
-512443.903007,150,2278.933531
-513933.115433,150,2288.12317
-511242.048951,150,2299.553229
-512005.292527,150,2308.9468
-510504.795044,150,2317.70217
-509663.663899,150,2326.080467
-512149.484905,150,2335.110059
-513405.825167,150,2344.513051
-513502.119612,150,2353.996742
-509785.793559,150,2362.736856
-512720.149502,150,2371.487371
-506595.05604,150,2380.059763
-513090.231377,150,2388.875708
-504929.067193,150,2397.289423
-514619.383407,150,2406.338102
-512311.475511,150,2415.371743
-514261.814736,150,2423.99626
-515554.316554,150,2433.002269
-510411.80852,150,2441.852122
-513395.005527,150,2450.513129
-512993.722984,150,2460.061362
-513846.574652,150,2469.236635
-510314.820594,150,2480.279716
-513029.01934,150,2489.137189
-510878.341263,150,2500.797287
-512118.535593,150,2509.420024
-511081.725978,150,2517.669802
-510794.570946,150,2526.05028
-511741.500236,150,2535.181537
-511534.557678,150,2546.568059
-511307.974267,150,2554.803319
-515311.642301,150,2563.762831
-513604.976617,150,2572.869312
-510455.664347,150,2581.354877
-512867.274714,150,2590.419841
-512509.336628,150,2598.926097
-512064.317509,150,2607.532967
-508865.361981,150,2616.549005
-511286.820974,150,2624.719816
-511000.232223,150,2635.625878
-509773.533581,150,2644.795267
-513712.570367,150,2653.726307
-510147.535832,150,2662.302945
-511963.896967,150,2671.350258
-510560.929305,150,2680.692754
-512633.342155,150,2689.915339
-511696.934038,150,2698.819364
-511887.018223,150,2708.225451
-514068.550481,150,2717.939585
-513110.665524,150,2726.905933
-510342.321439,150,2735.180666
-508968.456893,150,2744.238035
-509058.701935,150,2753.531419
-511345.106943,150,2762.490617
-507865.919102,150,2771.630566
-513200.177395,150,2781.035037
-512022.171571,150,2790.372666
-512529.799648,150,2799.267398
-507855.448904,150,2808.460579
-512908.354311,150,2817.784081
-514987.070253,150,2827.227068
-513709.748013,150,2836.452776
-508562.461204,150,2845.663688
-507993.783556,150,2857.634321
-510780.825623,150,2866.376159
-509461.9231,150,2875.168978
-515185.035068,150,2886.640604
-512950.340998,150,2897.680756
-508601.892166,150,2906.576019
-508781.556641,150,2915.728534
-510407.216786,150,2924.499727
-515168.217967,150,2933.388662
-511842.666959,150,2945.449286
-511581.107289,150,2953.860475
-513887.155963,150,2962.716633
-509432.427588,150,2971.44207
-512406.133353,150,2980.659873
-513043.58559,150,2989.440508
-513609.727615,150,2998.579945
-512358.576428,150,3010.224534
-511581.826065,150,3019.630649
-513490.514874,150,3028.386825
-509314.968832,150,3037.301284
-512977.633885,150,3046.126837
-513479.54265,150,3054.849985
-511727.497499,150,3063.32071
-511346.327849,150,3072.531764
-513038.119372,150,3083.833674
-512727.512317,150,3093.041898
-510946.443581,150,3101.336889
-510272.876166,150,3110.151788
-512267.184114,150,3119.256379
-513825.580575,150,3127.970594
-515197.786168,150,3136.740443
-508846.829159,150,3145.719427
-513412.149909,150,3155.20031
-508952.149426,150,3164.512306
-512931.40597,150,3173.461348
-511051.363868,150,3182.396588
-511888.619872,150,3191.079915
-511862.303254,150,3199.922088
-513931.525544,150,3209.001786
-507443.979688,150,3217.587222
-510809.952522,150,3226.275382
-511437.622566,150,3235.422259
-514191.800085,150,3244.579112
-511135.925158,150,3253.534233
-510507.272658,150,3264.722964
-511351.116649,150,3273.277075
-514447.723065,150,3283.135656
-510452.886795,150,3294.722706
-515149.116631,150,3304.022624
-513034.337017,150,3312.722771
-511323.965325,150,3321.297577
-512285.878773,150,3329.842841
-511233.282757,150,3341.642859
-511363.498048,150,3350.222788
-511297.144093,150,3359.345869
-513029.737151,150,3368.586905
-510709.731693,150,3377.264163
-509862.844867,150,3386.225923
-510685.581663,150,3397.52811
-511552.883959,150,3406.879045
-507926.661635,150,3415.867525
-507724.217184,150,3425.322237
-511446.243368,150,3434.634324
-515940.600397,150,3444.053088
-510541.041232,150,3452.554695
-512971.201768,150,3461.197071
-512183.876814,150,3469.787544
-511105.267578,150,3478.504217
-509378.921468,150,3487.624711
-511326.541395,150,3499.310225
-511574.267124,150,3507.998525
-512839.351237,150,3517.227043
-510960.917432,150,3525.75895
-511708.282186,150,3534.243655
-507062.210112,150,3543.319574
-513108.738333,150,3551.88547
-510268.12451,150,3560.864329
-516726.657854,150,3569.508169
-511426.554839,150,3578.017979
-512122.862674,150,3587.042021
-512400.076065,150,3595.747571
-511468.442338,150,3604.385626
-513590.518795,150,3613.407812
-509699.55938,150,3622.49721
-510601.091941,150,3631.890869
-512731.921706,150,3640.561263
-509425.573641,150,3649.480002
-510027.200228,150,3661.331264
-511540.649371,150,3671.688483
-514477.214308,150,3680.740384
-509755.6146,150,3692.371417
-511485.454035,150,3701.544958
-510385.395557,150,3709.971791
-511194.13308,150,3718.964533
-512388.373357,150,3727.095738
-513408.462996,150,3738.402572
-510009.450524,150,3749.908379
-511862.84932,150,3758.527618
-509781.306724,150,3767.207597
-512891.296905,150,3776.726415
-514827.639821,150,3788.688264
-511109.990232,150,3796.985217
-511684.15277,150,3806.28357
-513478.611188,150,3818.015974
-512862.276527,150,3826.843263
-508759.319852,150,3836.426583
-509008.074944,150,3845.780421
-509282.619606,150,3855.16773
-513186.673791,150,3863.73561
-510543.877469,150,3872.57074
-509988.870807,150,3881.085445
-512489.164865,150,3889.876073
-513007.189702,150,3898.556413
-507944.685567,150,3907.489636
-513252.116742,150,3916.095538
-513728.528682,150,3924.774304
-512355.989512,150,3933.76511
-516874.100789,150,3942.986765
-513380.320129,150,3952.254032
-511150.659576,150,3961.062915
-514180.416207,150,3970.097006
-510177.732335,150,3978.532835
-511105.651319,150,3987.54351
-509593.107149,150,3995.99481
-510554.049563,150,4004.219556
-510760.240337,150,4012.457932
-511992.947265,150,4021.112399
-509382.445467,150,4029.56913
-509593.05417,150,4041.109207
-511627.656408,150,4049.964892
-510480.045187,150,4058.563395
-513461.906239,150,4067.594435
-513305.74446,150,4076.279573
-513351.797655,150,4085.413017
-513378.546709,150,4094.647226
-509707.083373,150,4106.448256
-512560.460428,150,4116.126994
-509354.910869,150,4124.811393
-507634.330146,150,4134.236826
-512547.909381,150,4143.620206
-512564.222569,150,4152.871868
-513098.755674,150,4164.462983
-509476.240473,150,4173.173962
-510503.894024,150,4181.832212
-512684.843672,150,4193.894349
-513357.314152,150,4202.995736
-512579.775289,150,4211.819401
-513773.815893,150,4221.055584
-511325.084406,150,4229.812784
-509521.376818,150,4239.135082
-509970.890631,150,4248.395544
-509662.841896,150,4257.567402
-510910.281875,150,4267.218647
-510697.375422,150,4276.786919
-514435.74599,150,4286.591916
-510047.948642,150,4295.872307
-513749.394092,150,4304.686518
-508227.622286,150,4313.868832
-513274.33514,150,4323.465003
-514080.70278,150,4333.486696
-512901.975666,150,4343.361388
-513644.568874,150,4355.11913
-515224.595241,150,4364.145825
-511882.479074,150,4373.421777
-507199.976848,150,4382.768617
-512543.116362,150,4394.351267
-513923.379904,150,4403.616652
-509792.799301,150,4414.441916
-509894.808442,150,4424.343719
-513055.447155,150,4436.369934
-507935.663548,150,4445.522738
-512942.372489,150,4454.567053
-512468.98093,150,4464.079078
-513451.224988,150,4473.517678
-514583.066956,150,4485.474695
-510615.363305,150,4495.131113
-509485.247346,150,4504.943351
-510346.8026,150,4514.421137
-512196.397671,150,4523.705035
-508266.900928,150,4533.321357
-512890.766419,150,4542.691573
-510654.917126,150,4551.867728
-513930.692986,150,4561.170288
-510785.106919,150,4570.354123
-512966.010376,150,4579.284093
-513736.502795,150,4588.602224
-509426.890374,150,4597.394098
-514414.690531,150,4606.923913
-512055.896693,150,4616.449377
-509788.556328,150,4625.612019
-513082.761431,150,4635.052011
-509186.865408,150,4644.371066
-512756.212948,150,4653.971062
-509689.13862,150,4663.258708
-511832.204576,150,4674.969892
-510218.106635,150,4683.627135
-510537.364979,150,4693.221179
-508934.757104,150,4702.34168
-510937.122427,150,4712.005276
-512970.955505,150,4721.508702
-512995.061118,150,4730.245418
-515534.866218,150,4739.349294
-507608.352912,150,4748.483041
-510834.122941,150,4760.636422
-509114.435073,150,4770.035593
-508228.577826,150,4779.413153
-512021.596803,150,4788.894612
-509025.438967,150,4798.405361
-510322.410031,150,4807.583881
-511316.934938,150,4816.535769
-510255.792812,150,4825.266313
-508693.383221,150,4837.418473
-509355.425777,150,4846.552322
-508646.850542,150,4856.203353
-512480.238686,150,4865.465149
-512283.853769,150,4874.209889
-511584.749509,150,4883.358415
-510537.580405,150,4892.505599
-510521.543252,150,4901.744621
-511040.09936,150,4912.657378
-512039.203245,150,4921.035963
-509930.433398,150,4929.672441
-514543.949126,150,4939.315872
-517482.285969,150,4948.575097
-512341.309865,150,4957.237611
-508685.173378,150,4968.297459
-509432.53125,150,4977.242058
-512542.743288,150,4989.582697
-513809.210688,150,5001.055267
-511774.676755,150,5010.300222
-511464.834209,150,5018.857214
-516547.014765,150,5030.557674
-510346.123765,150,5042.683643
-510124.868189,150,5051.648686
-508197.953125,150,5060.780064
-513381.284209,150,5069.994832
-511000.989156,150,5079.468729
-511816.625387,150,5090.876297
-513883.169122,150,5102.416422
-510681.122039,150,5111.105661
-511668.14265,150,5120.533381
-512537.580348,150,5129.795978
-507577.404073,150,5140.810021
-514509.221827,150,5149.658056
-512696.108883,150,5158.94484
-511839.59455,150,5171.19201
-512414.552177,150,5180.513848
-511366.757816,150,5191.451026
-513162.689787,150,5202.877436
-510661.007307,150,5211.388891
-512033.338477,150,5222.91053
-511447.019014,150,5232.333389
-514741.994466,150,5242.041569
-513489.651571,150,5252.071584
-511337.347894,150,5263.625205
-516521.983062,150,5273.277797
-512950.084409,150,5283.746712
-508696.27954,150,5293.73444
-513614.231133,150,5303.299333
-510172.809086,150,5313.178335
-508789.802191,150,5323.317994
-512333.702977,150,5333.143403
-510107.573721,150,5342.382937
-513898.198962,150,5351.474903
-514083.103781,150,5361.802113
-511801.390544,150,5371.289317
-511674.877864,150,5382.35982
-513324.279231,150,5391.177958
-511254.861416,150,5399.749974
-512122.353438,150,5410.830875
-512616.435949,150,5423.475779
-511163.567139,150,5432.980426
-514774.268876,150,5442.573226
-515274.183283,150,5451.501379
-511258.319198,150,5460.316174
-512394.429659,150,5469.772141
-511830.122687,150,5480.866241
-510058.332493,150,5490.174749
-510423.893258,150,5499.625632
-511211.815845,150,5508.347262
-510687.217227,150,5517.494661
-512083.258313,150,5527.01892
-512908.508733,150,5541.376992
-510468.023147,150,5550.583226
-514245.859187,150,5560.026466
-506747.660835,150,5569.576004
-509968.223631,150,5579.258746
-510220.339639,150,5589.495853
-511280.425556,150,5598.979173
-511511.473884,150,5608.181171
-511814.016986,150,5618.129289
-512563.413768,150,5627.59987
-512964.352647,150,5640.491172
-510188.023772,150,5650.051632
-509710.742707,150,5660.017314
-513371.758858,150,5669.283146
-514249.435128,150,5680.055027
-511767.169397,150,5690.08941
-511244.510247,150,5699.578061
-509968.141449,150,5709.763406
-507468.01837,150,5722.335033
-514423.052824,150,5731.79888
-510759.950339,150,5743.87386
-512473.439807,150,5753.693479
-509665.316077,150,5765.864069
-510956.089208,150,5775.384915
-515182.672122,150,5785.682072
-512538.540989,150,5795.63557
-509111.604107,150,5805.063706
-512405.263807,150,5814.529989
-512515.547321,150,5824.124744
-514600.435243,150,5834.758456
-511533.964814,150,5844.286696
-513393.630664,150,5854.338081
-510388.814371,150,5864.161676
-511891.013419,150,5873.886496
-512966.351741,150,5883.184889
-506788.282158,150,5892.837668
-513406.443046,150,5902.424373
-511283.952151,150,5911.619575
-512435.597651,150,5921.48202
-512906.881176,150,5931.181056
-514345.759558,150,5941.000017
-514663.876801,150,5950.792195
-514675.886366,150,5960.716289
-512791.144359,150,5970.715272
-513526.955959,150,5982.511343
-510856.125103,150,5991.687557
-514031.294301,150,6000.944291
-510204.240376,150,6010.612451
-513008.869816,150,6019.784187
-515131.267383,150,6029.24073
-512853.740798,150,6039.124531
-512992.522962,150,6050.719421
-512030.044534,150,6060.479414
-512156.31901,150,6070.006921
-510319.927601,150,6079.156388
-510764.731037,150,6088.689898
-512134.596571,150,6097.667164
-513897.517031,150,6107.26745
-516895.006258,150,6116.523147
-513073.134824,150,6126.784066
-511954.138353,150,6136.556619
-510891.740706,150,6146.268473
-514522.780431,150,6156.154593
-510964.795468,150,6165.844303
-508932.358076,150,6175.773979
-511465.374786,150,6185.011275
-513756.778819,150,6194.988905
-510547.948247,150,6204.670973
-511100.618577,150,6214.005047
-511416.283983,150,6223.086646
-512923.708875,150,6232.75287
-517220.810545,150,6241.909393
-508424.96431,150,6251.703187
-511766.579176,150,6261.70931
-510120.255275,150,6271.419748
-508223.127003,150,6283.448532
-512060.638956,150,6293.435766
-509850.347673,150,6303.340716
-513192.506181,150,6312.841467
-511566.900478,150,6321.846226
-512415.701183,150,6331.265004
-511374.290861,150,6341.29844
-509298.368632,150,6350.963891
-511516.870285,150,6363.126071
-508456.14357,150,6373.219489
-510190.089448,150,6382.682626
-509054.023088,150,6392.73865
-508860.546864,150,6402.603209
-510875.996023,150,6412.65096
-513006.764688,150,6422.588938
-512326.27785,150,6432.244896
-513087.780627,150,6441.705972
-511190.40753,150,6451.537911
-512192.444597,150,6461.2622
-512848.085281,150,6471.140925
-512817.503733,150,6480.812285
-511506.731922,150,6493.227012
-515323.046418,150,6503.408686
-515318.383857,150,6513.277303
-512720.716355,150,6523.166019
-511674.632296,150,6532.446028
-513200.307698,150,6542.070594
-512705.125326,150,6551.822001
-511015.490999,150,6561.257106
-508029.118356,150,6570.873139
-512275.999193,150,6580.951985
-509843.171965,150,6590.448638
-515825.252493,150,6600.37887
-510117.901729,150,6609.531956
-509781.840045,150,6618.805713
-509356.538685,150,6628.356986
-513343.033585,150,6637.83336
-510531.704513,150,6647.028766
-511304.327801,150,6657.086119
-508606.094766,150,6669.685818
-515760.377168,150,6679.363823
-511954.448441,150,6689.557028
-513401.336782,150,6699.426955
-512345.386973,150,6708.708339
-514482.557953,150,6718.423301
-513177.618175,150,6731.018369
-508458.913908,150,6741.06694
-511066.634528,150,6751.076126
-504071.83636,150,6761.035694
-518903.744702,150,6770.696506
-512262.260248,150,6780.611837
-514489.379439,150,6790.442455
-512866.625897,150,6800.105602
-510331.144965,150,6809.544991
-511359.608632,150,6821.950335
-508744.86661,150,6831.452092
-507703.04291,150,6841.086441
-510330.719543,150,6850.83789
-509450.704523,150,6862.863118
-511746.585729,150,6873.033218
-511211.344789,150,6882.245852
-510267.02015,150,6891.725959
-512932.580886,150,6901.258965
-513728.681742,150,6911.174103
-507222.404343,150,6920.527686
-514336.745578,150,6930.955189
-511077.585986,150,6939.953626
-512004.208741,150,6949.087114
-514741.357255,150,6961.008313
-512527.212549,150,6970.189762
-510118.606579,150,6979.674683
-514114.222757,150,6988.83332
-510466.395286,150,6998.286729
-514224.11144,150,7007.907037
-513179.31823,150,7019.750202
-511376.444759,150,7028.532237
-513702.750678,150,7038.529912
-510653.765965,150,7047.781583
-513765.677926,150,7060.18809
-512262.466341,150,7071.46651
-510566.033772,150,7080.550744
-513059.528962,150,7089.945958
-513133.506609,150,7099.92191
-513355.9362,150,7109.416863
-513845.921291,150,7118.371159
-511678.582357,150,7127.701826
-512086.043071,150,7137.17838
-512344.3629,150,7148.935448
-516924.01731,150,7158.302553
-514551.160555,150,7170.215025
-512819.428915,150,7179.482772
-512787.697731,150,7188.654707
-513466.254698,150,7201.350076
-510701.157217,150,7210.531811
-510270.281496,150,7222.547965
-512772.971242,150,7232.142904
-515613.720269,150,7244.578092
-512016.78929,150,7253.779904
-515981.744266,150,7263.41658
-512558.79571,150,7273.1416
-512230.262447,150,7283.398453
-514718.07463,150,7293.25712
-508379.341403,150,7303.320464
-510808.56919,150,7315.948951
-509547.8659,150,7325.387108
-513580.360581,150,7334.927912
-511619.284635,150,7344.737121
-507260.40989,150,7354.883881
-510209.33248,150,7364.284196
-509662.555567,150,7374.338515
-512267.66164,150,7383.692093
-512359.56082,150,7393.531415
-513728.831423,150,7403.19517
-509903.26678,150,7412.567019
-512157.396167,150,7422.174815
-512263.823795,150,7431.562124
-509009.316126,150,7443.473747
-509310.361261,150,7452.61053
-509293.241128,150,7462.900464
-513295.556028,150,7472.416136
-509669.383718,150,7481.480443
-514392.387783,150,7490.536915
-514900.830591,150,7499.683151
-511407.725397,150,7508.652528
-512644.492502,150,7520.500142
-513233.631112,150,7529.520974
-511519.115969,150,7541.374242
-509310.770674,150,7552.934001
-517518.037916,150,7564.82331
-510093.718135,150,7574.110984
-511988.665056,150,7586.149893
-515025.445692,150,7595.304898
-512906.036779,150,7604.620601
-513092.696212,150,7614.19711
-513227.228038,150,7625.867724
-511944.72336,150,7634.768838
-510112.946946,150,7643.949805
-508278.183288,150,7653.285621
-508507.634814,150,7662.314155
-507046.60555,150,7671.242466
-511972.470851,150,7680.444043
-513818.664192,150,7689.581542
-509445.662027,150,7701.610935
-509414.547106,150,7711.113856
-511044.242246,150,7720.327743
-513845.945045,150,7729.316067
-511536.132974,150,7741.331688
-511991.256602,150,7750.579566
-512070.591663,150,7762.489403
-512847.086273,150,7772.04891
-513862.23164,150,7783.262293
-510521.420091,150,7792.005856
-511527.342555,150,7801.432435
-510758.592248,150,7810.139154
-513377.455693,150,7821.503693
-510448.708197,150,7830.263717
-513736.917009,150,7838.971853
-511852.550519,150,7850.04108
-512188.660097,150,7858.962433
-511468.35993,150,7868.384109
-512537.921639,150,7878.16988
-511800.989229,150,7887.129009
-512066.774983,150,7896.502863
-511299.915086,150,7905.388191
-510485.782044,150,7914.343913
-512378.443408,150,7923.352631
-512329.493595,150,7932.638953
-510749.1374,150,7941.355486
-514486.176265,150,7951.103432
-507599.242569,150,7960.495649
-509821.097056,150,7969.890429
-509987.514153,150,7978.136926
-510143.142553,150,7986.266912
-511518.407863,150,7994.669128
-512633.199752,150,8003.217251
-509657.718506,150,8014.622542
-509994.927601,150,8024.252064
-512062.534847,150,8033.074267
-513008.879354,150,8045.780133
-511744.015458,150,8055.426808
-514140.683508,150,8065.344439
-512448.405647,150,8075.311232
-514554.447829,150,8085.33626
-510692.24518,150,8094.584502
-513989.05918,150,8104.241594
-510468.865479,150,8113.702623
-510837.565362,150,8123.21082
-513413.760833,150,8132.826361
-509563.038592,150,8142.532613
-514138.259292,150,8152.382227
-507707.272853,150,8162.077353
-511572.564114,150,8171.790514
-513649.418314,150,8180.780166
-509593.450492,150,8190.439706
-511494.985017,150,8200.001587
-511273.023085,150,8211.941641
-509982.918468,150,8221.263962
-510001.565412,150,8230.659551
-510796.164083,150,8240.222122
-508403.004518,150,8252.031742
-509946.529309,150,8261.034172
-514606.787169,150,8270.63644
-508095.311277,150,8280.264611
-509175.452727,150,8289.196091
-511816.667169,150,8300.859002
-511552.697597,150,8310.437397
-514182.800198,150,8323.780448
-512123.296473,150,8333.170953
-513688.528072,150,8343.028478
-509641.326501,150,8352.220943
-512252.36329,150,8361.477259
-513015.004078,150,8370.824876
-510874.531728,150,8379.90527
-513139.902464,150,8391.594482
-510346.794576,150,8401.451389
-512668.581916,150,8412.88382
-509106.356073,150,8421.986281
-512058.675022,150,8430.932986
-513023.790249,150,8440.270609
-511701.593288,150,8451.992688
-510035.802387,150,8461.101585
-510445.320779,150,8470.49024
-513447.658486,150,8483.227159
-508339.85275,150,8492.453078
-512993.724234,150,8501.965112
-511107.84737,150,8510.909319
-514697.197373,150,8520.933615
-512036.327836,150,8530.437609
-508578.113803,150,8539.625402
-511444.269142,150,8548.708488
-514782.266491,150,8558.680531
-510365.200364,150,8568.190251
-512367.331782,150,8577.34375
-509046.134614,150,8586.556459
-514820.651832,150,8596.178201
-512548.909261,150,8607.919178
-509928.371197,150,8617.858715
-512868.418106,150,8627.65484
-511557.454861,150,8636.916535
-514374.86519,150,8646.776901
-509549.685164,150,8657.04116
-510165.319032,150,8666.65805
-509663.006655,150,8675.706361
-509419.408981,150,8684.562388
-513576.218419,150,8694.384014
-511739.075446,150,8703.868057
-512060.306654,150,8713.380007
-513377.026441,150,8723.133935
-514561.015268,150,8732.516767
-512222.685834,150,8741.295564
-510915.892538,150,8750.233228
-511651.320421,150,8759.818234
-511608.812628,150,8768.982036
-514525.895481,150,8778.112456
-511234.742893,150,8787.116146
-512915.01482,150,8796.648144
-513204.219511,150,8806.079796
-511874.602123,150,8815.840343
-512473.528345,150,8824.632593
-512426.128656,150,8834.058367
-511595.768531,150,8843.594599
-513086.185506,150,8852.277951
-512689.450527,150,8861.906761
-512341.905679,150,8870.939753
-508913.057917,150,8880.270177
-510368.334963,150,8889.326308
-512465.018556,150,8898.343351
-514324.525047,150,8908.180269
-510823.573777,150,8920.163291
-512261.074443,150,8929.132479
-511758.435992,150,8938.427111
-509401.084365,150,8947.905034
-511280.607653,150,8956.789262
-512660.802178,150,8965.92872
-512991.161607,150,8974.511441
-509748.519778,150,8986.367717
-510729.68075,150,8998.107689
-510963.678113,150,9007.34713
-510223.338828,150,9016.641038
-507230.869758,150,9025.973456
-511106.154146,150,9035.234817
-510144.531818,150,9044.957942
-510605.657725,150,9053.661535
-511040.117207,150,9062.684795
-511409.07485,150,9071.889368
-515441.381615,150,9081.448128
-513521.538875,150,9090.696885
-512362.536489,150,9099.639603
-510552.244364,150,9108.607503
-510131.416441,150,9117.597716
-512989.493697,150,9127.185677
-511955.485756,150,9135.990837
-511852.417416,150,9145.423955
-507533.18646,150,9154.709083
-512703.030263,150,9166.213808
-509677.512977,150,9175.251615
-511578.059037,150,9183.924219
-510929.0897,150,9193.002848
-509558.51357,150,9204.364523
-507940.613998,150,9213.337787
-507801.641522,150,9223.102111
-511258.265745,150,9231.860196
-507323.293544,150,9243.821916
-510099.885111,150,9252.429374
-508933.296318,150,9263.950568
-511558.16345,150,9272.513271
-513844.704635,150,9281.54126
-513656.805596,150,9290.55534
-512310.300269,150,9302.502412
-512798.606197,150,9311.674899
-510251.406944,150,9320.434158
-511456.502578,150,9330.060998
-515314.825843,150,9339.557144
-511330.848228,150,9348.850574
-509163.24965,150,9357.732132
-511103.649808,150,9366.826035
-510082.50167,150,9375.449741
-510421.172846,150,9384.275301
-507839.109586,150,9393.306345
-512618.842659,150,9401.872158
-511192.130354,150,9410.247597
-511946.52992,150,9418.485723
-513290.905031,150,9429.07496
-510187.922609,150,9437.796558
-513279.764678,150,9446.562766
-510380.047374,150,9457.461073
-512200.511107,150,9466.063121
-510452.394077,150,9476.85713
-511490.410565,150,9485.387041
-512288.661755,150,9494.49878
-511935.503275,150,9502.883665
-513763.95867,150,9511.956069
-514287.973133,150,9520.04585
-515214.384287,150,9528.680244
-514052.87058,150,9536.957452
-511131.237303,150,9545.457074
-509493.292803,150,9556.499994
-511812.886041,150,9564.910408
-512300.130483,150,9573.871323
-512872.885901,150,9585.085127
-512419.447121,150,9593.771169
-510817.821341,150,9602.491187
-513993.296715,150,9611.318201
-514561.931491,150,9620.076159
-512623.93008,150,9628.551889
-508240.884207,150,9637.192326
-510367.236689,150,9645.374425
-509685.34937,150,9654.652668
-512738.940026,150,9666.758793
-512401.893917,150,9675.465137
-512729.64663,150,9684.377834
-515080.51879,150,9693.873167
-516339.991576,150,9703.806519
-509123.646116,150,9715.968914
-511999.024283,150,9725.396512
-512282.418801,150,9734.497236
-515546.818001,150,9747.167758
-511534.4237,150,9756.350514
-513573.19534,150,9765.457846
-511507.804913,150,9777.111818
-511692.848401,150,9786.887629
-515625.811745,150,9796.794607
-511166.627477,150,9806.632962
-509122.75151,150,9818.578503
-510242.51253,150,9828.327323
-510678.638833,150,9838.035482
-509930.822569,150,9847.50058
-512109.043851,150,9856.916659
-510232.733421,150,9869.679095
-510427.947616,150,9879.336891
-515020.540623,150,9889.100008
-510302.945987,150,9901.174021
-512150.920634,150,9911.010754
-514102.863941,150,9921.00547
-512858.200237,150,9930.478973
-510710.821218,150,9939.618189
-514907.363947,150,9951.414124
-513052.509983,150,9963.869737
-512081.095731,150,9973.45372
-513315.00609,150,9982.988116
-510234.688034,150,9992.229825
-508480.953124,150,10001.957908
-511811.182627,150,10011.625001
-512089.475245,150,10021.127737
-510777.657657,150,10030.314635
-511504.90295,150,10040.108801
-509661.903415,150,10052.266448
-511662.140463,150,10061.355745
-509640.683135,150,10070.90225
-511980.08705,150,10082.788447
-512477.980412,150,10092.408661
-510638.963004,150,10101.697976
-515597.697782,150,10113.524976
-511141.836593,150,10122.58581
-513046.260225,150,10131.412467
-509101.761928,150,10140.915445
-510187.20971,150,10152.980123
-507527.36595,150,10162.364038
-513150.517696,150,10171.703855
-513271.006716,150,10181.008563
-513738.549016,150,10192.465818
-506233.103251,150,10201.45683
-510305.654906,150,10210.959118
-513010.483398,150,10220.126659
-510491.328009,150,10230.395847
-513325.938398,150,10239.945145
-512083.044181,150,10248.945946
-513428.848334,150,10258.574517
-514121.75645,150,10268.887001
-510650.195529,150,10277.501902
-514631.699817,150,10287.03357
-510925.158448,150,10299.017796
-510675.448162,150,10308.443777
-511642.440739,150,10318.298565
-516086.703712,150,10327.28734
-513946.818991,150,10337.316286
-509279.89178,150,10348.885336
-510821.980694,150,10358.554192
-506550.943124,150,10368.606091
-509283.70372,150,10377.99159
-509807.206976,150,10387.316682
-512712.003356,150,10396.918073
-509997.864543,150,10406.028537
-512616.066494,150,10415.505141
-511551.462091,150,10424.904644
-512054.251592,150,10433.82336
-512350.684227,150,10443.065424
-508941.364844,150,10454.824183
-513592.497751,150,10464.403631
-512499.587101,150,10474.064605
-511854.794258,150,10483.129791
-511295.489247,150,10491.804923
-509199.225325,150,10501.246014
-512117.924026,150,10510.193411
-513887.60161,150,10519.249454
-510340.689578,150,10528.189519
-512223.485151,150,10537.26527
-515806.172592,150,10546.347611
-510405.645783,150,10555.910521
-509108.733018,150,10565.04791
-512294.784576,150,10574.239767
-511470.135351,150,10583.444236
-511164.781453,150,10592.404279
-513621.931652,150,10602.501498
-508959.573717,150,10611.572391
-508127.757219,150,10620.783538
-513351.684474,150,10632.787107
-513302.172639,150,10641.908889
-512427.476088,150,10653.531362
-509929.907622,150,10664.857326
-510890.981831,150,10673.92723
-512057.949134,150,10685.064567
-513916.395835,150,10693.949687
-508754.395823,150,10703.458315
-511372.109731,150,10713.586092
-510897.035854,150,10723.117591
-512373.33784,150,10735.036291
-508400.652518,150,10744.65113
-512329.570579,150,10754.079088
-513672.032876,150,10764.563139
-512552.517777,150,10773.380642
-510790.888282,150,10784.472766
-518223.614192,150,10793.448622
-511253.235874,150,10802.711894
-514386.558646,150,10814.793374
-512505.98788,150,10824.129465
-505975.826714,150,10833.597312
-511594.367873,150,10842.41094
-514398.41405,150,10851.943543
-511474.488195,150,10860.919972
-512745.067998,150,10869.861029
-513827.735894,150,10879.077978
-510301.928933,150,10887.868216
-510748.464988,150,10896.57223
-511687.297468,150,10905.352452
-509133.975588,150,10914.105866
-510106.398373,150,10923.222031
-514009.082581,150,10932.094325
-509990.887917,150,10941.132802
-509685.301107,150,10949.805914
-511199.240812,150,10958.302194
-511039.042612,150,10967.289047
-512465.137719,150,10977.805689
-512572.106168,150,10987.40995
-514713.868568,150,10995.994135
-510156.281705,150,11005.107543
-513935.850179,150,11013.561253
-513010.00808,150,11022.768782
-507864.079009,150,11031.997247
-512835.641636,150,11043.507277
-512199.081638,150,11052.458042
-511274.859888,150,11063.015402
-512871.215529,150,11071.561064
-511800.551239,150,11079.908453
-516873.865919,150,11089.105406
-506327.668071,150,11098.403822
-512314.022327,150,11107.233515
-509293.666207,150,11115.84302
-511691.129435,150,11124.586177
-512899.145422,150,11133.203946
-514787.670634,150,11142.300754
-515214.278625,150,11151.133353
-511576.296067,150,11159.947054
-507571.245348,150,11168.824896
-516230.414765,150,11177.600055
-510871.723902,150,11186.407976
-512551.306463,150,11197.615499
-508961.368679,150,11206.236903
-513276.124216,150,11215.01654
-515084.096112,150,11225.945555
-510679.081626,150,11234.950646
-513796.48337,150,11243.994576
-511965.920079,150,11253.088629
-512745.742516,150,11261.702399
-508419.856694,150,11270.667476
-513319.599789,150,11280.312263
-511321.893196,150,11289.466667
-510710.945832,150,11298.187255
-511029.696375,150,11307.078375
-513237.138241,150,11315.862653
-512979.967668,150,11324.270058
-508954.192822,150,11333.35761
-512739.038954,150,11344.299242
-511310.127158,150,11353.188186
-511482.436254,150,11362.149416
-511991.215019,150,11371.044154
-511883.729099,150,11379.012214
-512900.574119,150,11387.035203
-511671.787754,150,11395.467587
-515003.016582,150,11403.779028
-511671.407727,150,11411.993173
-511047.972015,150,11420.437185
-511261.288361,150,11430.870243
-507157.490622,150,11439.008935
-512194.328346,150,11449.28975
-510915.400196,150,11459.240398
-515615.231372,150,11467.884367
-510880.524437,150,11476.077309
-513743.635389,150,11483.948757
-511045.772073,150,11491.844362
-512584.859222,150,11500.158217
-512410.81419,150,11510.356423
-510153.50273,150,11518.282176
-511368.827919,150,11526.531569
-513182.507916,150,11534.728552
-513303.956454,150,11542.466235
-511763.119265,150,11550.561303
-508526.073386,150,11558.623399
-511123.108359,150,11566.600982
-510490.822212,150,11574.783806
-513212.366596,150,11582.613752
-512414.116333,150,11591.007505
-509669.577262,150,11598.558958
-513191.621395,150,11607.100459
-512166.924523,150,11614.823714
-511651.493314,150,11622.8185
-512252.598204,150,11633.362934
-509978.549032,150,11641.948486
-513257.035288,150,11649.645011
-513180.13311,150,11658.019945
-515513.396446,150,11668.893201
-510347.73324,150,11676.769466
-513136.796025,150,11684.862202
-512246.656534,150,11692.931312
-511851.990749,150,11701.022059
-512285.590197,150,11708.91003
-514150.493669,150,11716.613009
-515638.380045,150,11724.816274
-513033.875206,150,11733.1622
-511361.08075,150,11740.870214
-513739.944126,150,11748.746874
-512278.371492,150,11756.564215
-513030.391386,150,11764.960992
-513379.288229,150,11772.742084
-508950.541805,150,11781.034896
-511852.540902,150,11789.236481
-510444.21473,150,11797.39134
-511559.026894,150,11804.847025
-512569.76733,150,11812.957316
-510389.397146,150,11821.044171
-511020.93953,150,11828.71119
-511154.197684,150,11836.747621
-511484.332471,150,11844.693205
-512351.535725,150,11854.566248
-511885.069595,150,11862.821465
-510003.798612,150,11872.56984
-515202.358694,150,11880.726427
-509633.327474,150,11888.6781
-510144.00235,150,11896.340966
-512781.656983,150,11904.585352
-512480.873612,150,11912.633849
-510245.315136,150,11920.601521
-513913.188139,150,11928.728615
-507744.009653,150,11936.531132
-511416.587805,150,11944.430566
-511984.029568,150,11954.103672
-512588.554368,150,11961.783761
-510851.957137,150,11969.681663
-510936.208042,150,11980.03297
-508081.217849,150,11987.603406
-512044.087312,150,11995.187916
-514512.819672,150,12003.674369
-513264.512304,150,12011.992267
-513825.055673,150,12020.041236
-512685.196786,150,12027.697686
-511518.095351,150,12035.470512
-511053.438116,150,12045.114116
-511554.196095,150,12052.697781
-509858.642504,150,12060.921126
-514134.682115,150,12068.891752
-513790.111436,150,12076.692297
-514444.143982,150,12084.723637
-514276.436185,150,12093.191771
-508948.69558,150,12100.671535
-513283.111773,150,12110.773108
-513924.466648,150,12118.79142
-510538.165641,150,12126.317841
-510717.501818,150,12134.506519
-509524.10767,150,12142.675304
-509535.622945,150,12150.611289
-509184.67586,150,12158.466427
-509382.353233,150,12166.055372
-514122.728082,150,12178.208606
-511064.453037,150,12185.728292
-509573.133438,150,12193.367683
-512558.272986,150,12200.887368
-511560.429859,150,12208.343575
-510505.131097,150,12216.298998
-511077.426119,150,12224.506282
-510218.489436,150,12232.458067
-510155.037815,150,12240.221525
-510191.977002,150,12247.52811
-511491.597419,150,12255.334389
-513840.450408,150,12265.326852
-509640.177858,150,12273.059753
-511453.62536,150,12282.73311
-510135.91795,150,12290.639286
-514496.502835,150,12298.502251
-508104.867429,150,12306.730924
-511260.859168,150,12314.373024
-514215.318843,150,12321.995738
-513520.752277,150,12331.619177
-510397.988538,150,12341.620153
-511872.826949,150,12349.863474
-514001.078143,150,12358.135843
-510766.352833,150,12368.71953
-514845.218647,150,12378.922673
-511706.707426,150,12387.378915
-509440.663836,150,12395.240164
-508068.594274,150,12403.33784
-513434.385845,150,12411.224538
-513166.964619,150,12420.247358
-512311.439347,150,12428.084135
-511381.225989,150,12435.932266
-508838.258181,150,12443.981462
-508528.775246,150,12451.555941
-511004.569353,150,12459.752927
-510254.378237,150,12469.936761
-511019.123347,150,12477.37703
-515869.337263,150,12485.704814
-511142.865094,150,12495.652853
-514875.927998,150,12505.556132
-511476.986357,150,12513.285058
-507930.847898,150,12521.063586
-515182.608537,150,12528.985562
-509281.000848,150,12536.540289
-511602.57951,150,12544.21075
-512869.06523,150,12552.01224
-512171.305548,150,12561.960075
-511430.323362,150,12569.582844
-509863.22119,150,12577.378649
-510913.117722,150,12584.864715
-507514.234134,150,12592.922714
-514195.812934,150,12601.035587
-510687.009118,150,12608.422261
-510101.758861,150,12616.207934
-509094.93658,150,12623.822417
-510905.231334,150,12631.343999
-512297.978895,150,12639.077912
-510824.54932,150,12647.044284
-508821.174409,150,12654.75515
-512134.944238,150,12662.823398
-510010.754045,150,12672.755689
-512419.242556,150,12680.642585
-507897.464944,150,12688.630997
-511916.397869,150,12696.837853
-512675.591491,150,12704.794321
-513140.353315,150,12713.128781
-511872.72046,150,12720.982254
-510696.26968,150,12728.880043
-513827.281975,150,12736.750171
-512301.557312,150,12744.23612
-513342.597804,150,12751.80337
-510905.493882,150,12759.465981
-514358.417126,150,12767.142379
-513734.10244,150,12775.220571
-510056.821591,150,12782.701638
-512497.488066,150,12790.136337
-513765.255804,150,12800.183924
-513023.316197,150,12808.001422
-514696.406519,150,12818.421394
-511495.168439,150,12828.746375
-512980.073953,150,12836.690274
-511848.174528,150,12844.940543
-510795.055593,150,12852.907716
-514230.521931,150,12861.622642
-510452.009496,150,12869.080277
-510619.149797,150,12878.724882
-512668.610421,150,12886.910041
-507894.462103,150,12896.923604
-513395.535282,150,12904.414642
-508933.830357,150,12912.317424
-513403.602028,150,12920.522823
-512861.111785,150,12928.779999
-510155.610264,150,12936.736185
-512587.857939,150,12944.648554
-511990.838508,150,12952.204841
-513064.035147,150,12963.168648
-514058.571814,150,12971.178033
-510695.987731,150,12978.545903
-509523.09601,150,12986.762753
-511417.790632,150,12994.733878
-512738.837594,150,13002.61075
-508648.900919,150,13010.74798
-509990.575024,150,13018.647864
-515100.770987,150,13026.50834
-511728.438894,150,13034.482121
-514460.438502,150,13042.292333
-511282.124728,150,13050.236795
-511312.790289,150,13057.884842
-511623.408677,150,13065.802169
-513584.068921,150,13073.448851
-510176.023789,150,13080.794314
-511475.351173,150,13088.817519
-510361.350303,150,13096.799314
-510640.999305,150,13104.677481
-512404.193684,150,13112.913454
-512150.975688,150,13122.698496
-507430.107978,150,13132.446793
-511406.359038,150,13140.382553
-510155.674225,150,13150.030765
-512023.491181,150,13157.877363
-508457.676761,150,13165.746161
-511348.613611,150,13173.651932
-514063.351427,150,13187.13009
-511373.321129,150,13195.472632
-509086.248952,150,13205.587651
-510407.811869,150,13213.377048
-514235.974532,150,13221.451015
-513387.546299,150,13229.370812
-512940.210233,150,13239.775505
-511977.708927,150,13247.943308
-514169.529281,150,13255.740773
-513166.805203,150,13263.990971
-510883.231718,150,13271.720772
-510849.264282,150,13281.509398
-513625.109545,150,13289.268822
-513239.058595,150,13297.423623
-508691.75447,150,13305.444781
-513043.257482,150,13313.417201
-516693.617673,150,13321.442698
-510817.527759,150,13328.999133
-509165.964211,150,13337.095185
-510553.938697,150,13345.14335
-510833.686513,150,13353.011273
-513121.138334,150,13360.584048
-512928.737229,150,13370.727926
-512897.109991,150,13380.818048
-513028.486594,150,13388.896058
-511695.173509,150,13396.654443
-509986.417489,150,13404.569773
-510784.810671,150,13412.188056
-511933.321041,150,13422.504205
-507161.696429,150,13430.807736
-512773.25531,150,13438.827458
-510294.375639,150,13446.922942
-510428.579792,150,13454.894684
-512234.72059,150,13463.554958
-510616.566552,150,13471.67684
-515348.686304,150,13482.350369
-512597.311104,150,13492.623447
-510169.91834,150,13500.35544
-510190.503799,150,13508.308611
-512209.718761,150,13516.34906
-510058.079186,150,13524.084838
-514801.654135,150,13532.071619
-512417.202771,150,13539.574616
-508657.287731,150,13547.71146
-512759.585951,150,13558.257526
-513915.260092,150,13566.279834
-510060.81825,150,13573.789374
-511020.446348,150,13582.035283
-511825.097972,150,13591.430585
-511459.972148,150,13599.3039
-508937.388449,150,13607.256822
-510921.42461,150,13617.594801
-507570.67384,150,13626.06956
-515301.5331,150,13636.444362
-509810.548209,150,13643.909497
-509855.681146,150,13652.143096
-513683.331731,150,13660.356957
-513237.749417,150,13668.277659
-511321.789147,150,13675.9344
-512755.997441,150,13683.891402
-511957.218868,150,13691.996807
-509991.141402,150,13699.527101
-511309.559685,150,13707.470107
-512775.286108,150,13715.378823
-512382.665831,150,13723.025624
-511483.23175,150,13730.846457
-511044.083733,150,13738.515168
-515295.110472,150,13746.324766
-510321.883455,150,13754.12981
-514017.545405,150,13762.234504
-511462.587233,150,13771.672584
-510258.89387,150,13779.356292
-511016.069621,150,13787.081065
-512800.169116,150,13794.958406
-510164.231167,150,13805.764267
-513605.402704,150,13813.458472
-509222.988047,150,13823.290967
-509135.395161,150,13831.505076
-510049.294873,150,13839.477147
-517060.628561,150,13847.101086
-511731.59537,150,13855.10027
-509281.395523,150,13862.714216
-506454.088534,150,13870.73248
-512171.443131,150,13878.263513
-512763.645816,150,13886.456327
-514357.863841,150,13894.321053
-510280.184538,150,13904.006855
-515534.84115,150,13911.938982
-513775.647895,150,13919.909638
-511671.618829,150,13930.06253
-512672.459432,150,13938.246784
-510487.11765,150,13945.775774
-510399.691368,150,13953.495754
-510873.093096,150,13961.320577
-512312.025211,150,13969.202883
-510259.3109,150,13976.889583
-509255.643041,150,13984.670839
-511056.905183,150,13992.296933
-509917.972603,150,14000.094792
-512280.833226,150,14010.298969
-514817.755623,150,14018.238643
-511400.513919,150,14025.939741
-511375.876651,150,14033.626734
-511094.39442,150,14041.066226
-513521.32801,150,14048.578682
-509710.45689,150,14055.925136
-510615.440073,150,14063.755902
-507780.865705,150,14071.760101
-508137.870718,150,14079.449887
-511861.09463,150,14087.435491
-513209.476608,150,14095.664876
-515839.739186,150,14103.671432
-507527.345995,150,14112.000109
-511428.85186,150,14120.24018
-511569.993473,150,14128.232992
-513497.553572,150,14136.71871
-509860.080892,150,14146.723013
-509109.621488,150,14154.601627
-509851.394825,150,14164.776139
-513486.192447,150,14173.207366
-512526.077991,150,14181.039668
-516641.177739,150,14188.846762
-513806.196714,150,14199.391842
-510937.961723,150,14207.120043
-512442.73011,150,14215.051615
-513362.598965,150,14223.35232
-511556.8484,150,14231.613688
-507678.365706,150,14239.611802
-509061.868077,150,14246.948118
-511496.709503,150,14254.741599
-508777.372156,150,14262.970665
-510188.328929,150,14271.10536
-514038.527946,150,14278.932519
-510997.123224,150,14286.598515
-511234.666983,150,14294.418837
-509217.600358,150,14302.463905
-514605.030748,150,14312.463295
-517399.205471,150,14322.971826
-512975.730406,150,14331.283501
-513422.891955,150,14339.500201
-513365.370949,150,14347.235934
-512670.252508,150,14354.843691
-512058.448433,150,14362.722507
-510596.640284,150,14370.004722
-515552.33929,150,14378.311792
-510340.861482,150,14386.620873
-513095.332573,150,14394.494601
-508553.674105,150,14402.261244
-512924.107559,150,14410.260055
-510582.17311,150,14422.246492
-511977.431372,150,14431.905299
-513246.725942,150,14439.996768
-513942.944823,150,14448.589226
-510170.186877,150,14456.028744
-512563.480768,150,14463.784699
-513746.994687,150,14471.656575
-514304.466983,150,14479.591621
-510432.332543,150,14487.450556
-514064.857549,150,14495.166053
-512439.311035,150,14505.351027
-508520.813267,150,14513.389168
-510928.667983,150,14521.683197
-511356.743772,150,14529.81622
-508980.730143,150,14537.40113
-512165.572355,150,14545.912265
-512013.352337,150,14553.734432
-513235.166316,150,14561.403533
-512185.481476,150,14569.239305
-512870.403978,150,14579.562979
-511833.88759,150,14587.970902
-514390.267486,150,14596.139331
-510741.80802,150,14604.300648
-509119.328025,150,14614.550501
-514719.23788,150,14624.513069
-509937.116741,150,14631.894201
-510070.576875,150,14639.644008
-514379.31025,150,14647.756772
-513055.713562,150,14655.974706
-511984.944862,150,14664.043739
-511666.596216,150,14671.325105
-509744.224576,150,14679.545902
-509959.718992,150,14687.502791
-507116.586335,150,14695.53934
-510748.336833,150,14703.526685
-510895.65407,150,14711.733514
-511153.175615,150,14719.334125
-512058.734263,150,14727.299469
-514462.614169,150,14734.840543
-510993.586006,150,14742.779121
-513385.192937,150,14750.740936
-510034.127721,150,14758.60901
-506619.540518,150,14766.36481
-510453.127186,150,14774.087152
-508558.571608,150,14782.195132
-512590.189214,150,14792.299283
-511337.47429,150,14799.603099
-511644.70528,150,14807.546668
-509964.065924,150,14814.920511
-510681.90832,150,14822.706965
-515040.326147,150,14830.956581
-511481.160741,150,14838.716196
-512492.280408,150,14846.373463
-511711.128197,150,14854.26246
-511881.564178,150,14862.172256
-510324.333029,150,14869.595494
-513083.053288,150,14877.141466
-512361.561367,150,14887.224441
-512546.238908,150,14895.221292
-510218.816634,150,14905.091
-508126.855284,150,14915.605997
-510587.647249,150,14923.578689
-509948.831194,150,14931.497919
-511634.073001,150,14939.716104
-511744.500406,150,14948.144428
-510532.273786,150,14956.267483
-510283.923935,150,14964.23241
-511886.130371,150,14972.46139
-506399.052312,150,14980.687345
-510703.249701,150,14989.184895
-514753.220401,150,14999.701163
-513130.394982,150,15007.819262
-509676.718259,150,15015.868684
-510462.686319,150,15023.919528
-513376.350832,150,15031.768162
-511136.33286,150,15039.25267
-514849.309891,150,15047.502601
-512924.91426,150,15055.39597
-512788.890046,150,15065.432709
-513605.437957,150,15073.686675
-511170.857475,150,15081.732962
-515250.294724,150,15089.777239
-516229.216735,150,15097.613726
-509757.762121,150,15107.676254
-512561.521118,150,15115.755931
-511454.84411,150,15124.00764
-511391.471621,150,15131.680844
-511849.695817,150,15139.382319
-512732.782106,150,15147.547174
-511654.431218,150,15155.73747
-511868.193097,150,15163.466063
-510435.34142,150,15171.122858
-508466.118795,150,15179.092838
-510962.838754,150,15186.722845
-512213.153924,150,15194.456409
-511258.548158,150,15202.502668
-509675.466164,150,15210.116821
-512317.991682,150,15218.171574
-509115.029098,150,15225.859979
-510456.290524,150,15234.638225
-511409.871181,150,15242.026073
-511957.4814,150,15249.590979
-513766.490902,150,15259.914134
-511066.59124,150,15268.184398
-513872.702749,150,15275.843052
-509996.062041,150,15283.844743
-511267.118327,150,15291.735056
-510388.044155,150,15300.28763
-507284.432365,150,15308.03487
-512547.04633,150,15316.670184
-515876.456219,150,15325.196419
-510886.448341,150,15335.37891
-510852.921355,150,15343.236666
-512632.667401,150,15351.182671
-511054.358908,150,15362.802356
-516036.144795,150,15370.898183
-512653.215056,150,15380.852679
-514167.694374,150,15388.634112
-511662.852748,150,15396.100518
-511463.147705,150,15404.371103
-515064.693615,150,15412.624701
-510311.801579,150,15420.78503
-510561.624104,150,15428.98964
-513479.945879,150,15437.108889
-510471.851076,150,15446.966552
-512864.927718,150,15454.641093
-513681.002228,150,15463.537889
-514347.436851,150,15471.870524
-513584.068438,150,15479.836626
-511901.246702,150,15487.829627
-514096.466606,150,15495.959229
-508682.086206,150,15504.429367
-513235.442139,150,15512.480269
-514218.923708,150,15520.238643
-514901.440095,150,15528.358265
-512867.518526,150,15538.458044
-515547.918021,150,15546.210811
-512653.099093,150,15554.003149
-509959.919664,150,15563.888169
-512519.033509,150,15571.333368
-512387.897663,150,15579.717125
-513051.253451,150,15587.764123
-511596.678031,150,15595.324371
-511603.539472,150,15602.851014
-513430.246839,150,15612.959825
-519425.497065,150,15620.852019
-512201.680168,150,15631.169961
-508775.246838,150,15639.245312
-507207.297545,150,15647.667044
-509413.235997,150,15655.802999
-512881.920481,150,15665.673285
-510266.949602,150,15673.640435
-512762.615421,150,15681.890046
-511037.460207,150,15689.709331
-513224.760619,150,15697.820426
-509357.921595,150,15707.77815
-511340.646553,150,15716.144787
-515968.265207,150,15723.728467
-510508.380954,150,15731.451673
-510925.800312,150,15741.58846
-511289.438352,150,15749.669207
-515089.719863,150,15757.305923
-510941.87272,150,15765.089424
-511577.074539,150,15773.114393
-513408.412158,150,15781.300475
-511729.711572,150,15789.288874
-512193.982943,150,15797.646089
-511069.145238,150,15805.699746
-511322.629089,150,15813.15866
-510968.325185,150,15820.771132
-511591.779031,150,15828.619902
-510861.148038,150,15836.414808
-512618.720678,150,15844.016104
-512952.250819,150,15854.159962
-507325.985648,150,15862.244731
-511663.223744,150,15869.648481
-508618.139598,150,15877.28159
-512222.567221,150,15885.576969
-521657.854807,150,15896.123229
-508447.280331,150,15904.092836
-510144.891489,150,15911.883575
-512652.679159,150,15919.669926
-509073.879206,150,15927.1901
-511061.864465,150,15935.003471
-511299.020343,150,15942.860152
-513002.404793,150,15950.701676
-515017.688464,150,15958.90043
-512398.832654,150,15967.360417
-508299.117619,150,15975.520871
-511481.142362,150,15983.466747
-512624.497228,150,15991.379498
-513106.989322,150,15999.152053
-510511.59637,150,16007.220663
-511115.092304,150,16015.082057
-513325.155454,150,16023.632624
-512053.789049,150,16031.794067
-509619.207103,150,16039.846904
-515871.007466,150,16048.324647
-515351.952934,150,16056.47363
-509908.946252,150,16064.522331
-509145.521105,150,16072.368626
-514516.000962,150,16080.457122
-510817.582777,150,16090.318872
-512698.257503,150,16100.621233
-510917.572408,150,16108.489794
-514276.053784,150,16116.954452
-511765.991083,150,16124.87577
-514430.782766,150,16132.709534
-515036.130438,150,16141.115814
-515631.531667,150,16149.12022
-514204.470915,150,16157.243406
-508494.378965,150,16165.344853
-507856.616918,150,16175.267715
-508886.316243,150,16185.456971
-510229.442667,150,16193.290925
-513045.443079,150,16200.84178
-513395.522486,150,16209.913634
-513630.005703,150,16220.082675
-508618.781564,150,16227.794365
-510744.208762,150,16235.859798
-510400.868283,150,16243.309284
-509808.752172,150,16251.530432
-511626.612272,150,16259.179333
-514965.123029,150,16269.813801
-510967.246939,150,16277.682973
-507016.205808,150,16285.680756
-510853.214447,150,16295.589019
-510620.840801,150,16303.332094
-515375.798783,150,16313.869473
-511691.831574,150,16321.966408
-510178.12819,150,16329.365134
-507972.805346,150,16337.303033
-513706.028551,150,16347.664418
-513163.696726,150,16355.758827
-507565.230845,150,16366.041959
-509963.661093,150,16376.044881
-511331.297788,150,16384.382978
-512311.149612,150,16392.174322
-514180.028465,150,16400.134787
-510117.87195,150,16408.564941
-511170.517512,150,16416.954916
-512850.569356,150,16427.262255
-512272.188297,150,16437.840837
-513920.203517,150,16446.150753
-516058.179874,150,16454.16962
-513616.78574,150,16462.646753
-510871.210297,150,16472.347663
-510549.898232,150,16480.531372
-510168.304012,150,16488.20857
-515277.579953,150,16496.309056
-511663.79482,150,16504.242528
-512838.913914,150,16513.785753
-516793.516838,150,16521.711063
-509734.835576,150,16529.912653
-516541.261155,150,16537.720638
-513912.101275,150,16548.470867
-512441.151504,150,16557.072744
-510343.849949,150,16565.01491
-510779.490131,150,16574.742646
-512163.140956,150,16582.749473
-511550.775379,150,16590.214832
-515854.675591,150,16598.342187
-510688.715674,150,16606.626705
-510113.509591,150,16614.840981
-512745.95592,150,16622.839853
-512596.457611,150,16630.705127
-510649.734967,150,16640.550235
-511939.772446,150,16649.017063
-508638.027049,150,16656.762668
-513173.037829,150,16664.779143
-513884.536557,150,16672.752186
-509850.184927,150,16680.773426
-512835.324321,150,16688.591245
-513598.530063,150,16696.427145
-510071.057012,150,16704.082181
-507300.027687,150,16712.4762
-509925.155512,150,16720.279826
-515259.910344,150,16732.409661
-508571.482479,150,16740.102447
-510786.139693,150,16747.725793
-509436.371726,150,16755.933398
-510275.610221,150,16763.956678
-513697.2591,150,16772.075125
-506357.908703,150,16779.955375
-510655.159919,150,16787.673396
-511864.926864,150,16795.773345
-507664.607274,150,16803.727763
-510857.825769,150,16811.724278
-512938.72468,150,16819.932252
-506950.361823,150,16828.028973
-510424.839776,150,16835.628102
-513817.932954,150,16845.837544
-511269.991925,150,16853.280186
-511210.195331,150,16861.319961
-511362.622493,150,16869.09392
-510912.017928,150,16876.824152
-514751.071432,150,16884.998419
-513781.875188,150,16893.135497
-510230.813103,150,16900.789235
-512819.456092,150,16910.951248
-511936.381818,150,16921.046157
-509514.562247,150,16929.06858
-510374.898904,150,16936.653332
-515264.029149,150,16944.947201
-507956.042064,150,16953.49881
-511235.387026,150,16960.762332
-509540.198662,150,16968.772347
-511795.704245,150,16976.842789
-510669.230418,150,16984.382619
-509183.729192,150,16991.914425
-511472.685195,150,16999.58805
-513144.147775,150,17007.240726
-512888.299815,150,17015.723063
-513267.909753,150,17024.218035
-511298.063835,150,17032.40544
-512384.550115,150,17040.037283
-511014.445595,150,17047.696315
-512534.226635,150,17055.814735
-513644.503674,150,17064.081282
-511507.580261,150,17072.396789
-512239.400609,150,17080.335614
-510256.475103,150,17088.403475
-510435.171594,150,17096.600184
-513326.966646,150,17104.626381
-512068.187112,150,17112.563581
-512236.974391,150,17120.371912
-511589.357325,150,17127.872453
-514137.161983,150,17135.78918
-511234.558237,150,17143.547705
-509247.396753,150,17151.444932
-511158.297812,150,17161.051893
-509780.269396,150,17169.122255
-509222.262196,150,17177.025338
-510195.014979,150,17184.994081
-510358.884961,150,17193.024577
-516703.877581,150,17203.249093
-514616.644941,150,17211.117179
-512370.708145,150,17219.38507
-513167.943443,150,17227.335956
-510327.084569,150,17237.064193
-510456.0432,150,17246.928519
-510984.4921,150,17254.330368
-509577.732359,150,17262.398493
-511785.611805,150,17269.971301
-509582.507392,150,17277.663743
-510765.198787,150,17285.886867
-510112.713093,150,17293.609836
-511446.483145,150,17301.138285
-510334.178073,150,17308.969663
-511521.88166,150,17318.825964
-514427.986573,150,17327.294497
-513548.425433,150,17335.486772
-514019.219975,150,17343.594939
-510917.308666,150,17351.572753
-511041.515245,150,17359.556597
-511153.120297,150,17367.158875
-508135.775595,150,17375.0015
-512771.022265,150,17383.224414
-510794.577159,150,17393.380948
-514063.198431,150,17401.429029
-512173.187971,150,17408.845772
-511894.416167,150,17416.951334
-513533.400814,150,17427.079809
-512031.471835,150,17434.663644
-513305.963477,150,17444.447056
-514846.015674,150,17452.480682
-511159.995376,150,17462.718922
-511780.166067,150,17470.73658
-512091.628089,150,17478.971249
-513801.926098,150,17487.146592
-511081.117718,150,17497.604215
-509082.716119,150,17505.350862
-510418.325753,150,17512.813307
-510949.575424,150,17520.48008
-509443.565999,150,17528.81945
-512171.898599,150,17536.562496
-511277.504071,150,17544.073815
-514931.087545,150,17552.009151
-510943.05019,150,17559.95638
-513808.122087,150,17567.947815
-510980.040382,150,17575.378695
-512949.382912,150,17583.609965
-510751.547283,150,17593.693474
-510915.224549,150,17604.310369
-513336.46884,150,17612.196578
-511369.763325,150,17620.308009
-511385.091877,150,17627.940944
-512815.459245,150,17636.20991
-510819.393113,150,17643.625633
-513288.376401,150,17651.784378
-510916.472595,150,17659.900366
-511319.913575,150,17667.700188
-512177.54261,150,17675.710147
-510144.274366,150,17683.744222
-515397.894553,150,17691.918806
-507539.04896,150,17699.418257
-510795.642077,150,17706.934729
-511422.740888,150,17715.204544
-510842.200868,150,17725.325556
-511902.278903,150,17733.505265
-509772.480099,150,17741.616607
-509029.30421,150,17749.239955
-511948.815616,150,17759.396454
-509699.503351,150,17767.004776
-511560.278593,150,17774.866792
-508869.043007,150,17782.592454
-510315.069099,150,17790.436924
-512916.542018,150,17798.386032
-514229.709348,150,17806.494297
-514879.510364,150,17814.840101
-512500.535954,150,17822.491071
-515138.75471,150,17830.556161
-516997.57072,150,17838.440172
-509755.600429,150,17845.979879
-511273.245285,150,17853.882036
-514192.317473,150,17861.933536
-510385.666222,150,17869.635612
-513435.674689,150,17877.775542
-508670.825883,150,17885.731096
-510242.655272,150,17893.461371
-511380.130265,150,17901.279993
-512718.806455,150,17909.372992
-510348.237092,150,17917.202069
-513910.360531,150,17925.600766
-507262.256353,150,17933.431863
-509271.206303,150,17943.661061
-509558.821474,150,17953.431116
-512346.764044,150,17960.980413
-514156.864655,150,17968.838516
-514810.491339,150,17979.141667
-514010.250507,150,17987.156733
-512709.986494,150,17994.631097
-510205.231308,150,18002.607502
-507412.735414,150,18010.114519
-512371.805776,150,18018.097796
-513717.171516,150,18026.533146
-511053.31296,150,18036.224165
-511604.535951,150,18044.364886
-515129.584257,150,18052.499038
-513027.860723,150,18059.952678
-509854.677932,150,18068.06506
-510926.843232,150,18075.692036
-508892.99825,150,18085.348045
-512307.78663,150,18093.217023
-511789.210536,150,18101.116402
-513039.324143,150,18109.159407
-513899.33521,150,18121.2933
-511477.460764,150,18130.629591
-512464.23452,150,18138.690497
-516885.405832,150,18146.314831
-507555.600361,150,18154.346366
-508957.366566,150,18164.568789
-513824.36226,150,18172.791981
-514529.09094,150,18181.147123
-513395.64999,150,18190.821812
-513670.253426,150,18200.857199
-509744.371416,150,18208.339762
-511544.399603,150,18216.217801
-510513.340814,150,18224.531633
-513164.561027,150,18232.546504
-509646.505557,150,18240.484331
-514218.297049,150,18248.743233
-514545.718761,150,18257.490741
-512793.283994,150,18267.814296
-513418.612501,150,18278.459743
-512897.142383,150,18286.385054
-510474.384081,150,18294.350826
-510404.712217,150,18302.212132
-513677.119876,150,18311.403385
-510962.459678,150,18319.405467
-512915.693749,150,18327.458064
-508872.893559,150,18335.131475
-509689.188279,150,18344.913571
-512075.35238,150,18352.874768
-509944.429638,150,18363.068261
-508884.052004,150,18371.154692
-511278.015089,150,18378.69361
-509967.746801,150,18386.136315
-515189.190199,150,18393.681752
-512103.334623,150,18401.880819
-514021.221006,150,18409.977654
-515009.502805,150,18417.830942
-516381.955252,150,18426.000895
-512028.556006,150,18433.787162
-514235.41923,150,18442.184831
-510291.416747,150,18450.178162
-505950.923313,150,18458.138841
-511564.641723,150,18465.711126
-511875.267607,150,18473.609967
-514825.83615,150,18481.816652
-512360.287976,150,18489.449631
-512248.660735,150,18497.453835
-510629.78125,150,18504.821493
-509738.372012,150,18512.483378
-512631.946402,150,18520.440777
-508168.88563,150,18528.277195
-513628.711114,150,18536.355761
-511322.040112,150,18543.946768
-512158.095163,150,18551.917939
-512940.211764,150,18559.533409
-510943.783576,150,18569.923296
-510041.272631,150,18577.721319
-510987.475026,150,18585.660891
-510872.031896,150,18593.305716
-513025.806815,150,18604.983961
-510523.589543,150,18612.591778
-510369.76557,150,18622.497506
-510515.431658,150,18630.582414
-510668.215882,150,18638.300697
-511008.158244,150,18646.315433
-512890.043007,150,18653.80766
-511173.453179,150,18663.728775
-509782.186118,150,18671.239778
-514739.852826,150,18678.770868
-510428.511917,150,18686.871183
-510944.874567,150,18696.850195
-514508.119208,150,18704.71454
-509093.894614,150,18712.57992
-512665.214735,150,18720.714651
-508615.811557,150,18728.751273
-508633.025247,150,18736.873442
-511320.941697,150,18744.273878
-514187.161671,150,18752.699314
-511613.787036,150,18761.05793
-514305.308066,150,18768.713892
-512992.714816,150,18776.897457
-508575.868467,150,18786.824842
-510311.390106,150,18795.059464
-514146.807096,150,18803.266106
-509090.174409,150,18811.085091
-514660.542357,150,18818.836132
-510914.312005,150,18826.382532
-509037.385203,150,18834.451775
-510972.403944,150,18842.345306
-512811.621452,150,18850.798935
-511832.412682,150,18860.848421
-512161.831903,150,18870.386596
-508729.378811,150,18878.58776
-515471.022933,150,18886.619451
-511980.054188,150,18894.540213
-514640.862905,150,18902.362382
-511157.860893,150,18909.945513
-512559.045274,150,18917.997348
-513853.579385,150,18925.777978
-510298.841847,150,18933.6496
-513288.069689,150,18942.280446
-511871.023613,150,18949.745831
-511853.846176,150,18957.62888
-510335.374892,150,18965.270371
-510721.475184,150,18975.271235
-511267.172201,150,18983.332934
-509234.430819,150,18990.952443
-511811.953272,150,18998.533036
-513845.208318,150,19006.711555
-511396.147688,150,19014.462754
-510819.627663,150,19022.513362
-509342.259802,150,19030.379289
-509702.74439,150,19038.171926
-511455.884062,150,19046.120952
-509194.236135,150,19054.394006
-511162.09618,150,19062.226735
-511093.800216,150,19069.796041
-511253.427578,150,19079.27225
-509679.44026,150,19087.201175
-515302.105423,150,19095.107693
-512751.56534,150,19103.194275
-512756.666276,150,19111.578539
-514110.330504,150,19119.306581
-506502.002963,150,19127.195684
-511141.551147,150,19134.736719
-512491.080126,150,19142.858775
-513171.618937,150,19150.802979
-510351.079599,150,19158.857312
-514399.243285,150,19167.114211
-508534.589228,150,19174.897806
-510140.910486,150,19185.290942
-512082.899228,150,19193.156931
-512810.371911,150,19201.041975
-510146.828388,150,19209.683527
-510966.647154,150,19217.258545
-509771.914743,150,19224.839859
-511491.166948,150,19232.332198
-513594.715438,150,19240.014282
-512592.065902,150,19248.276952
-509181.807217,150,19256.093165
-512485.306752,150,19266.019629
-512819.668002,150,19273.649725
-511847.806028,150,19284.02085
-511445.381702,150,19292.036433
-510340.591107,150,19299.657284
-509090.793534,150,19307.423324
-512764.934631,150,19317.558617
-509096.175532,150,19325.742787
-514530.58091,150,19333.868193
-511674.183549,150,19343.87639
-514008.164568,150,19352.000341
-514681.163607,150,19359.756548
-517434.281168,150,19367.807907
-512862.310822,150,19375.64314
-511638.428814,150,19385.086828
-505952.622,150,19393.110857
-512816.642792,150,19401.353611
-510749.480432,150,19409.312551
-508811.263305,150,19417.249209
-510754.53276,150,19427.355612
-512938.843664,150,19435.805112
-513877.275541,150,19443.501808
-511606.022419,150,19451.081757
-513383.577394,150,19459.064623
-513840.507267,150,19467.146362
-512576.161093,150,19477.218787
-512206.93322,150,19486.918188
-510183.649299,150,19496.863317
-511421.385983,150,19504.305689
-513500.528514,150,19512.021086
-509005.813312,150,19519.498349
-512289.74564,150,19527.159796
-510202.355991,150,19537.151905
-510506.76569,150,19547.594145
-510326.848257,150,19555.517537
-508084.170968,150,19563.364805
-510287.063169,150,19571.247847
-512971.974259,150,19579.616781
-512026.653123,150,19587.155388
-512711.244203,150,19596.809486
-510888.258039,150,19604.633389
-509271.52461,150,19612.66419
-512712.252357,150,19620.086694
-513517.904725,150,19627.972057
-512985.033013,150,19635.992148
-511911.606444,150,19646.518196
-512910.790043,150,19654.430719
-511825.069648,150,19662.340995
-514575.38689,150,19670.453491
-512017.714293,150,19678.327353
-512309.572751,150,19686.420492
-514421.152972,150,19696.49299
-508962.767773,150,19704.759125
-510012.684526,150,19712.92896
-509444.432056,150,19722.52049
-516195.235598,150,19732.932555
-512997.17426,150,19745.148819
-513838.397324,150,19753.245787
-511790.552334,150,19761.686517
-514353.371282,150,19771.9896
-513085.687387,150,19779.904707
-512480.569559,150,19790.049212
-512038.676507,150,19798.016058
-510443.892632,150,19805.841089
-512619.173678,150,19813.539866
-509221.427384,150,19823.485176
-511698.427173,150,19831.682045
-509344.675701,150,19839.808257
-508246.11884,150,19847.762048
-512433.444152,150,19855.751188
-513726.066638,150,19863.877848
-513486.396226,150,19871.632918
-508924.154419,150,19879.543325
-510011.990111,150,19887.3598
-511320.160932,150,19895.005589
-512582.687139,150,19904.83705
-510548.11641,150,19914.586049
-512964.876071,150,19924.561842
-511173.443404,150,19934.78447
-509955.52512,150,19942.444506
-511960.34556,150,19950.536248
-510903.23058,150,19960.397533
-510577.539789,150,19970.245987
-509599.362122,150,19978.215204
-511270.592389,150,19986.743767
-512822.024607,150,19994.733429
-511556.249514,150,20002.589877
-508352.598563,150,20010.287775
-512363.047672,150,20018.068896
-509611.324351,150,20026.139529
-510785.152369,150,20034.176074
-512276.395042,150,20041.907145
-511431.230507,150,20049.364544
-511708.060821,150,20057.267215
-515291.442176,150,20068.117002
-512932.303513,150,20078.402215
-512189.288684,150,20088.23023
-512325.189769,150,20096.136435
-510033.288255,150,20104.575457
-512862.428707,150,20112.454685
-513597.948035,150,20120.108653
-510474.85723,150,20128.187104
-512182.430668,150,20136.069128
-512216.824327,150,20143.726011
-510647.57514,150,20151.678043
-512909.026376,150,20159.277139
-513726.681051,150,20167.402632
-512336.82304,150,20175.223477
-510801.466368,150,20182.928884
-510964.472465,150,20190.542494
-507758.886902,150,20198.459415
-510670.666834,150,20206.363598
-512628.183747,150,20214.31804
-511764.338302,150,20221.92249
-510780.688397,150,20230.116394
-511254.07549,150,20237.863279
-512191.335956,150,20246.299038
-510249.842427,150,20254.215622
-514200.309206,150,20264.476077
-512434.75459,150,20272.167918
-509944.415418,150,20280.160577
-511297.411456,150,20288.17027
-514674.198087,150,20296.118517
-510337.173152,150,20303.742683
-507259.315,150,20312.000621
-506637.518146,150,20320.037986
-510856.061352,150,20328.129244
-510320.990817,150,20336.096236
-513649.400387,150,20346.570812
-513962.346882,150,20354.50454
-513128.35399,150,20362.282642
-513844.399617,150,20370.307785
-509425.84737,150,20378.050464
-511300.957426,150,20385.838858
-513618.297356,150,20393.864502
-511875.767538,150,20401.321788
-515421.790372,150,20409.403653
-512362.362558,150,20417.046556
-512356.458609,150,20424.769107
-513535.72292,150,20432.926424
-514062.924871,150,20440.896492
-516639.33798,150,20449.119834
-512225.367164,150,20457.241229
-510746.387808,150,20464.574346
-513519.841314,150,20472.858422
-509618.495369,150,20480.645686
-513311.996432,150,20490.829586
-512578.192155,150,20499.071037
-511903.932521,150,20506.797757
-509768.312153,150,20514.574142
-513441.846628,150,20522.388942
-513473.357716,150,20530.20673
-512850.111085,150,20537.730486
-512278.845217,150,20545.429277
-511044.561096,150,20552.855641
-511388.020018,150,20560.702191
-509794.765991,150,20570.625979
-511984.642829,150,20578.22676
-513814.695377,150,20586.27547
-510850.911633,150,20593.751868
-514544.467768,150,20601.417942
-513000.022842,150,20609.298111
-512826.848841,150,20619.082075
-511943.865782,150,20627.212002
-513126.780919,150,20635.169864
-512071.358598,150,20643.865066
-511644.626401,150,20651.372811
-513483.718458,150,20661.292407
-511567.52188,150,20668.958243
-511152.553531,150,20676.393626
-512225.975854,150,20684.459381
-513872.831034,150,20692.660609
-513160.274914,150,20702.877342
-508702.816776,150,20711.147528
-514382.486463,150,20719.08405
-512407.1897,150,20727.434117
-513401.191018,150,20735.203823
-509673.744995,150,20742.952759
-508341.477744,150,20752.851397
-511743.263561,150,20760.899359
-508771.781744,150,20768.735526
-512587.152992,150,20776.496418
-515707.69099,150,20784.385957
-512314.81369,150,20794.370224
-512788.02668,150,20802.3618
-510756.099148,150,20810.448416
-510402.765992,150,20818.309038
-511532.638241,150,20828.120918
-508990.615182,150,20835.757639
-513407.106813,150,20843.255772
-511829.566366,150,20851.540287
-515097.891858,150,20859.341511
-512508.981462,150,20868.931118
-509711.075028,150,20876.700055
-512229.967416,150,20884.462078
-507027.917407,150,20894.213471
-513798.549262,150,20902.45163
-516238.597529,150,20910.030189
-511856.208967,150,20917.530232
-513770.08908,150,20925.860866
-511536.632634,150,20933.205603
-514119.603567,150,20941.359851
-510705.004474,150,20951.364137
-514944.847126,150,20959.3149
-509577.220886,150,20968.920885
-514414.175957,150,20976.536632
-511192.335896,150,20983.925158
-509777.25128,150,20991.579869
-516057.743262,150,20999.816446
-514457.775954,150,21007.451624
-517324.106783,150,21015.244691
-514170.538896,150,21023.021162
-512603.03653,150,21033.046171
-508708.206492,150,21043.0665
-514056.584877,150,21050.795017
-513114.127595,150,21060.950903
-513498.128884,150,21068.833624
-510759.000118,150,21076.962901
-513418.15246,150,21085.560214
-514117.72371,150,21093.219049
-512820.507378,150,21101.186976
-509009.221167,150,21108.871497
-510770.971076,150,21116.87097
-510709.116199,150,21124.636884
-512560.839841,150,21132.52337
-513493.610111,150,21140.070818
-511419.368948,150,21148.29335
-509485.151935,150,21155.706429
-512484.626781,150,21163.913299
-512145.027446,150,21171.520711
-510290.300955,150,21179.276511
-514693.316749,150,21187.229086
-513333.964641,150,21195.165711
-513228.814741,150,21205.059737
-509944.707498,150,21212.862161
-505854.626629,150,21220.834587
-511361.694238,150,21228.931595
-512082.461949,150,21236.536586
-509730.322683,150,21244.367542
-511087.257812,150,21251.934332
-510250.099642,150,21259.421343
-511138.102834,150,21267.679069
-511610.142199,150,21275.305327
-509589.332853,150,21282.937476
-509336.249312,150,21290.785958
-514687.52549,150,21298.802773
-509893.026765,150,21306.649886
-513920.310826,150,21314.696864
-510634.241312,150,21321.992289
-509905.339738,150,21330.324177
-511495.339562,150,21338.180921
-508520.70651,150,21346.135642
-509994.807544,150,21353.920209
-511755.618994,150,21362.338806
-508042.141756,150,21370.176061
-513078.546052,150,21380.362072
-514220.560815,150,21390.169715
-511344.303258,150,21398.311392
-514881.499307,150,21408.049135
-512255.556091,150,21415.828299
-515313.557089,150,21423.822799
-512637.801235,150,21432.3172
-509960.56243,150,21440.114847
-513752.102766,150,21447.816322
-511645.562247,150,21457.508788
-511714.645125,150,21465.459296
-512384.271604,150,21473.015732
-508571.934879,150,21481.008166
-510386.985806,150,21488.871007
-511413.357749,150,21496.628458
-514286.356039,150,21504.779892
-512145.639581,150,21512.65399
-512847.386867,150,21521.01409
-510496.152705,150,21528.834235
-511739.02077,150,21536.92134
-508249.965061,150,21545.125126
-512144.704061,150,21553.502743
-510636.505145,150,21561.669663
-512072.33629,150,21569.256626
-512780.939329,150,21577.470146
-513157.800934,150,21585.394089
