Mainline_Demand,Onramp_Demand,Time [h]
3499.0312,508.9892,0.0
3496.9556,521.99756,0.002777777777777778
3500.2146,530.8783,0.005555555555555556
3498.7815,549.2718,0.008333333333333333
3497.6729,565.45605,0.011111111111111112
3487.855,587.3589,0.01388888888888889
3497.9875,618.58624,0.016666666666666666
3512.8494,632.28436,0.019444444444444445
3516.6938,637.6433,0.022222222222222223
3510.8157,671.8664,0.025
3517.313,680.05255,0.02777777777777778
3501.3557,696.2147,0.030555555555555558
3495.9604,722.33124,0.03333333333333333
3500.8965,749.3615,0.036111111111111115
3502.0457,757.5156,0.03888888888888889
3506.0703,789.2468,0.04166666666666667
3520.0928,798.4938,0.044444444444444446
3495.4307,819.6426,0.04722222222222222
3508.429,830.99335,0.05
3505.9736,848.62054,0.05277777777777778
3506.4937,874.96094,0.05555555555555556
3506.0295,887.18744,0.058333333333333334
3502.8542,910.7308,0.061111111111111116
3498.5874,918.9224,0.0638888888888889
3504.9749,937.0991,0.06666666666666667
3498.2285,970.65753,0.06944444444444445
3511.5444,976.77167,0.07222222222222223
3491.1238,1008.7916,0.075
3497.862,1025.9113,0.07777777777777778
3494.684,1040.4453,0.08055555555555556
3494.5457,1052.2633,0.08333333333333334
3495.9595,1074.1925,0.08611111111111111
3494.0598,1097.4333,0.08888888888888889
3494.783,1113.0486,0.09166666666666667
3501.4958,1132.8042,0.09444444444444444
3490.5315,1142.1561,0.09722222222222222
3495.1155,1173.8044,0.1
3510.5068,1181.5103,0.10277777777777779
3502.3076,1202.8534,0.10555555555555556
3501.3152,1221.2612,0.10833333333333334
3493.2646,1245.9438,0.11111111111111112
3498.701,1256.6428,0.11388888888888889
3491.1294,1275.3475,0.11666666666666667
3513.8171,1308.5975,0.11944444444444445
3498.1934,1309.1571,0.12222222222222223
3504.665,1334.9606,0.125
3495.0771,1347.6772,0.1277777777777778
3487.339,1376.9614,0.13055555555555556
3499.2947,1380.0336,0.13333333333333333
3512.4548,1404.5546,0.13611111111111113
3512.701,1428.7053,0.1388888888888889
3501.882,1444.4072,0.14166666666666666
3508.4363,1465.6348,0.14444444444444446
3497.9402,1481.195,0.14722222222222223
3502.5442,1498.0016,0.15
3498.6296,1498.2328,0.1527777777777778
3494.129,1501.7523,0.15555555555555556
3501.4937,1500.4355,0.15833333333333333
3494.6526,1496.9407,0.16111111111111112
3500.4646,1506.0731,0.1638888888888889
3506.1611,1507.5848,0.16666666666666669
3496.975,1503.9766,0.16944444444444445
3508.5269,1500.2433,0.17222222222222222
3491.5874,1502.105,0.17500000000000002
3503.6792,1498.7961,0.17777777777777778
3501.78,1494.3143,0.18055555555555555
3505.977,1504.7739,0.18333333333333335
3504.5295,1497.8461,0.18611111111111112
3504.486,1504.0752,0.18888888888888888
3492.293,1505.8855,0.19166666666666668
3488.3962,1491.3303,0.19444444444444445
3500.4204,1500.3527,0.19722222222222224
3498.2603,1497.861,0.2
3500.201,1497.588,0.20277777777777778
3503.3982,1508.5989,0.20555555555555557
3518.6414,1487.5951,0.20833333333333334
3496.719,1507.159,0.2111111111111111
3499.1516,1496.8173,0.2138888888888889
3507.7292,1491.7767,0.21666666666666667
3497.249,1498.5642,0.21944444444444444
3513.4668,1487.3873,0.22222222222222224
3505.5217,1491.7953,0.225
3515.8767,1512.6823,0.22777777777777777
3510.8174,1490.3994,0.23055555555555557
3494.9807,1499.6473,0.23333333333333334
3498.364,1510.3171,0.23611111111111113
3490.8965,1500.8488,0.2388888888888889
3506.8887,1495.9225,0.24166666666666667
3488.3054,1491.5547,0.24444444444444446
3505.1033,1497.9791,0.24722222222222223
3493.0906,1501.3157,0.25
3519.3225,1500.004,0.25277777777777777
3494.5623,1503.7432,0.2555555555555556
3507.2722,1504.5566,0.25833333333333336
3496.6538,1498.3762,0.2611111111111111
3502.5178,1506.4597,0.2638888888888889
3498.9792,1498.9332,0.26666666666666666
3491.748,1492.4056,0.26944444444444443
3490.6814,1500.1788,0.27222222222222225
3507.4473,1505.2437,0.275
3496.428,1498.5618,0.2777777777777778
3510.7307,1502.9043,0.28055555555555556
3493.697,1499.3899,0.2833333333333333
3501.5,1502.657,0.28611111111111115
3491.9177,1499.1162,0.2888888888888889
3489.1719,1508.8496,0.2916666666666667
3507.2039,1501.3857,0.29444444444444445
3490.4897,1503.1699,0.2972222222222222
3495.2021,1504.7087,0.3
3503.7039,1493.684,0.3027777777777778
3507.8015,1504.0466,0.3055555555555556
3496.8064,1497.6917,0.30833333333333335
3494.1035,1499.1765,0.3111111111111111
3491.8782,1504.4349,0.3138888888888889
3516.154,1493.2468,0.31666666666666665
3490.9006,1502.3225,0.3194444444444445
3493.7441,1504.7181,0.32222222222222224
3487.0186,1488.6432,0.325
3506.2378,1495.1895,0.3277777777777778
3511.1433,1502.9067,0.33055555555555555
3491.9167,1493.6705,0.33333333333333337
3498.1929,1500.126,0.33611111111111114
3523.9802,1498.83,0.3388888888888889
3493.952,1506.9891,0.3416666666666667
3498.4192,1498.6666,0.34444444444444444
3513.03,1495.5709,0.3472222222222222
3499.9204,1503.6836,0.35000000000000003
3493.1252,1485.1854,0.3527777777777778
3506.1091,1464.3561,0.35555555555555557
3491.001,1445.8673,0.35833333333333334
3499.4736,1427.7443,0.3611111111111111
3514.4746,1408.5587,0.36388888888888893
3502.5344,1380.545,0.3666666666666667
3500.09,1375.3934,0.36944444444444446
3515.0486,1347.7632,0.37222222222222223
3517.196,1324.5846,0.375
3512.2322,1311.4915,0.37777777777777777
3485.445,1295.6761,0.3805555555555556
3501.0813,1274.6876,0.38333333333333336
3504.8586,1263.5228,0.3861111111111111
3507.0034,1237.247,0.3888888888888889
3510.1145,1219.3768,0.39166666666666666
3497.9624,1207.9558,0.3944444444444445
3513.2556,1189.8013,0.39722222222222225
3495.4453,1169.4092,0.4
3496.2869,1150.1261,0.4027777777777778
3507.1418,1131.5338,0.40555555555555556
3484.404,1117.6454,0.4083333333333333
3480.8184,1089.8945,0.41111111111111115
3498.8992,1073.2584,0.4138888888888889
3498.646,1054.2968,0.4166666666666667
3487.8755,1034.9685,0.41944444444444445
3506.9844,1015.4447,0.4222222222222222
3499.9055,1002.7375,0.425
3486.5898,982.0942,0.4277777777777778
3500.783,960.3752,0.4305555555555556
3494.386,947.6197,0.43333333333333335
3496.4734,927.02515,0.4361111111111111
3504.1226,903.0079,0.4388888888888889
3508.8503,889.0488,0.4416666666666667
3520.2156,866.40607,0.4444444444444445
3499.7544,850.26904,0.44722222222222224
3496.9163,835.8579,0.45
3506.439,805.11975,0.4527777777777778
3493.9258,789.56464,0.45555555555555555
3508.2236,788.14465,0.45833333333333337
3504.3074,763.61957,0.46111111111111114
3505.4434,730.6282,0.4638888888888889
3507.0593,719.42004,0.4666666666666667
3499.3792,704.6001,0.46944444444444444
3484.525,684.8327,0.47222222222222227
3500.3545,673.2313,0.47500000000000003
3500.0435,656.3722,0.4777777777777778
3496.41,628.487,0.48055555555555557
3509.9165,610.86127,0.48333333333333334
3500.6655,586.6453,0.4861111111111111
3489.8887,582.2858,0.48888888888888893
3493.5496,554.09235,0.4916666666666667
3489.954,533.3472,0.49444444444444446
3500.6562,526.8793,0.49722222222222223
3500.252,500.30258,0.5
3488.7156,497.28198,0.5027777777777778
3507.2153,502.58853,0.5055555555555555
3507.0305,506.02,0.5083333333333333
3498.2024,494.6102,0.5111111111111112
3499.9272,504.9529,0.513888888888889
3495.966,500.2516,0.5166666666666667
3512.4744,487.04398,0.5194444444444445
3491.5886,506.1091,0.5222222222222223
3511.6685,495.2315,0.525
3505.961,500.95212,0.5277777777777778
3510.2915,499.53375,0.5305555555555556
3505.3435,503.8229,0.5333333333333333
3515.8696,500.7133,0.5361111111111111
3493.2964,505.22626,0.5388888888888889
3499.7566,497.57822,0.5416666666666667
3510.081,501.59506,0.5444444444444445
3518.2483,507.923,0.5472222222222223
3499.1816,498.5207,0.55
3503.6719,492.05954,0.5527777777777778
3505.3674,499.724,0.5555555555555556
3482.9746,494.64175,0.5583333333333333
3507.6255,508.0571,0.5611111111111111
3494.004,499.17453,0.5638888888888889
3500.2522,501.55597,0.5666666666666667
3511.6333,513.42865,0.5694444444444444
3487.6638,496.05188,0.5722222222222223
3501.9812,500.71478,0.5750000000000001
3503.1926,501.5053,0.5777777777777778
3503.2844,499.20114,0.5805555555555556
3497.1992,495.3459,0.5833333333333334
3484.1108,495.29034,0.5861111111111111
3510.3047,507.50583,0.5888888888888889
3492.7947,491.8604,0.5916666666666667
3494.7573,501.4751,0.5944444444444444
3494.0552,503.66656,0.5972222222222222
3505.3518,499.60077,0.6
3510.9211,495.025,0.6027777777777777
3505.811,499.85397,0.6055555555555556
3509.6726,507.81375,0.6083333333333334
3504.164,497.87665,0.6111111111111112
3496.8296,496.81866,0.6138888888888889
3504.2385,500.7163,0.6166666666666667
3488.7751,493.94885,0.6194444444444445
3518.5186,500.9994,0.6222222222222222
3493.4219,497.80093,0.625
3496.1208,501.35272,0.6277777777777778
3502.4214,495.37088,0.6305555555555555
3511.9827,501.2345,0.6333333333333333
3492.3667,498.49338,0.6361111111111112
3505.5427,495.45316,0.638888888888889
3488.6946,498.78876,0.6416666666666667
3505.7703,501.82385,0.6444444444444445
3503.5942,501.2336,0.6472222222222223
3494.533,487.03253,0.65
3507.773,495.57492,0.6527777777777778
3500.2126,501.78555,0.6555555555555556
3489.6472,509.51114,0.6583333333333333
3500.3555,501.99658,0.6611111111111111
3496.3645,510.1609,0.6638888888888889
3491.9346,501.47415,0.6666666666666667
3495.922,499.41797,0.6694444444444445
3487.352,506.09213,0.6722222222222223
3505.3757,505.57,0.675
3491.2454,498.35107,0.6777777777777778
3505.3718,508.54404,0.6805555555555556
3495.7024,495.1698,0.6833333333333333
3515.4463,495.17526,0.6861111111111111
3500.1707,505.26715,0.6888888888888889
3497.7258,502.36908,0.6916666666666667
3506.856,501.90717,0.6944444444444444
3507.529,499.73804,0.6972222222222223
3510.9685,496.63754,0.7000000000000001
3504.4192,502.34064,0.7027777777777778
3495.9668,498.63583,0.7055555555555556
3507.5757,503.12103,0.7083333333333334
3494.018,506.17435,0.7111111111111111
3497.2722,500.80722,0.7138888888888889
3502.205,489.96695,0.7166666666666667
3512.1333,500.42468,0.7194444444444444
3491.2695,504.9416,0.7222222222222222
3507.4912,491.24014,0.725
3499.1965,500.38184,0.7277777777777779
3489.6584,491.33923,0.7305555555555556
3513.4219,500.62018,0.7333333333333334
3506.5427,507.54605,0.7361111111111112
3488.7559,485.8785,0.7388888888888889
3476.2368,510.4876,0.7416666666666667
3518.0095,493.7738,0.7444444444444445
3500.632,500.9347,0.7472222222222222
3500.66,497.4128,0.75
3497.1362,491.43027,0.7527777777777778
3503.1748,505.60394,0.7555555555555555
3493.245,504.34946,0.7583333333333334
3500.6301,496.4136,0.7611111111111112
3495.1194,505.11453,0.763888888888889
3486.2737,495.47485,0.7666666666666667
3513.2258,497.53845,0.7694444444444445
3507.827,498.02893,0.7722222222222223
3510.1238,508.43338,0.775
3502.5945,499.93774,0.7777777777777778
3497.1838,501.51044,0.7805555555555556
3504.593,499.79868,0.7833333333333333
3499.3105,495.73193,0.7861111111111111
3484.9602,498.70667,0.788888888888889
3498.7947,499.37607,0.7916666666666667
3499.8958,497.87,0.7944444444444445
3497.2588,499.41486,0.7972222222222223
3504.3364,491.50595,0.8
3524.0647,487.7362,0.8027777777777778
3492.7112,502.32565,0.8055555555555556
3496.869,496.9081,0.8083333333333333
3503.9258,498.49106,0.8111111111111111
3497.2625,513.68884,0.8138888888888889
3508.63,492.36514,0.8166666666666667
3483.0557,500.34903,0.8194444444444445
3510.4685,491.29385,0.8222222222222223
3498.819,500.71863,0.8250000000000001
3510.1409,499.6961,0.8277777777777778
3501.0972,501.9887,0.8305555555555556
3497.0295,501.69305,0.8333333333333334
3511.014,503.27277,0.8361111111111111
3499.1677,501.37473,0.8388888888888889
3486.1262,503.52615,0.8416666666666667
3514.5022,498.94296,0.8444444444444444
3499.6882,511.5486,0.8472222222222222
3512.2156,501.77475,0.85
3498.4534,504.3993,0.8527777777777779
3495.7427,496.5156,0.8555555555555556
3476.1064,505.6465,0.8583333333333334
3504.728,497.4506,0.8611111111111112
3492.9998,494.29547,0.8638888888888889
3499.078,495.21906,0.8666666666666667
3496.797,496.0881,0.8694444444444445
3512.298,504.4047,0.8722222222222222
3509.45,496.96436,0.875
3498.1086,498.9038,0.8777777777777778
3510.4895,513.55835,0.8805555555555555
3486.0608,496.37512,0.8833333333333334
3502.2017,503.54025,0.8861111111111112
3512.999,496.267,0.888888888888889
3504.586,501.97305,0.8916666666666667
3490.6257,504.71155,0.8944444444444445
3503.414,488.8229,0.8972222222222223
3495.1494,487.54306,0.9
3492.1719,512.26447,0.9027777777777778
3489.7083,504.72385,0.9055555555555556
3496.377,503.33505,0.9083333333333333
3484.926,498.8387,0.9111111111111111
3502.019,492.64835,0.913888888888889
3487.4746,505.55313,0.9166666666666667
3504.1438,502.7335,0.9194444444444445
3485.9707,500.45514,0.9222222222222223
3480.6719,491.09058,0.925
3490.3042,499.2995,0.9277777777777778
3492.6602,493.3719,0.9305555555555556
3498.1929,497.29028,0.9333333333333333
3500.0374,500.66977,0.9361111111111111
3498.913,493.26437,0.9388888888888889
3494.0293,499.88528,0.9416666666666667
3493.836,490.51938,0.9444444444444445
3513.054,502.2149,0.9472222222222223
3498.0193,500.6505,0.9500000000000001
3500.1213,502.52353,0.9527777777777778
3513.366,500.23132,0.9555555555555556
3499.7083,500.8414,0.9583333333333334
3487.9526,486.59717,0.9611111111111111
3506.575,507.29425,0.9638888888888889
3488.5195,502.84854,0.9666666666666667
3504.8635,489.38202,0.9694444444444444
3513.5457,504.2331,0.9722222222222222
3488.2493,504.2327,0.9750000000000001
3492.8423,499.15778,0.9777777777777779
3485.321,498.12015,0.9805555555555556
3493.5356,497.33505,0.9833333333333334
3507.3125,500.81546,0.9861111111111112
3499.7292,497.73636,0.9888888888888889
3504.4023,500.4215,0.9916666666666667
3494.2207,498.19446,0.9944444444444445
3500.186,497.2143,0.9972222222222222
3514.0522,501.4928,1.0
3505.8845,494.46136,1.0027777777777778
3494.4846,500.95886,1.0055555555555555
3494.4285,500.52377,1.0083333333333333
3504.2322,488.91275,1.011111111111111
3502.73,500.3503,1.0138888888888888
3496.4465,496.9512,1.0166666666666666
3507.1333,516.0908,1.0194444444444444
3501.535,498.41577,1.0222222222222224
3510.753,508.4118,1.0250000000000001
3487.1592,517.90344,1.027777777777778
3489.3992,494.41144,1.0305555555555557
3504.9912,507.49866,1.0333333333333334
3515.5222,503.41766,1.0361111111111112
3512.4683,496.05038,1.038888888888889
3500.1235,502.29852,1.0416666666666667
3506.314,503.97882,1.0444444444444445
3513.3625,500.28036,1.0472222222222223
3510.5076,504.28107,1.05
3503.1816,507.45447,1.0527777777777778
3491.0847,501.84326,1.0555555555555556
3493.448,500.35965,1.0583333333333333
3484.8738,508.4057,1.0611111111111111
3492.5947,503.82758,1.0638888888888889
3487.6409,502.4941,1.0666666666666667
3503.7874,507.74722,1.0694444444444444
3508.435,500.75284,1.0722222222222222
3496.8508,498.80103,1.075
3497.114,493.61,1.0777777777777777
3491.6765,495.73532,1.0805555555555555
3503.163,498.51385,1.0833333333333335
3491.187,488.30878,1.0861111111111112
3494.1328,496.09665,1.088888888888889
3507.682,499.24475,1.0916666666666668
3503.2825,496.89203,1.0944444444444446
3510.8142,503.3338,1.0972222222222223
3495.3032,497.9764,1.1
3484.5925,490.04178,1.1027777777777779
3491.45,513.02026,1.1055555555555556
3501.7668,495.85443,1.1083333333333334
3502.9792,496.85065,1.1111111111111112
3496.4917,490.98514,1.113888888888889
3496.5698,498.41525,1.1166666666666667
3510.293,500.28955,1.1194444444444445
3491.9788,496.2429,1.1222222222222222
3501.5117,493.2034,1.125
3518.6853,492.03046,1.1277777777777778
3497.4321,504.94266,1.1305555555555555
3498.3152,504.21606,1.1333333333333333
3494.9788,503.24252,1.136111111111111
3507.4622,496.40262,1.1388888888888888
3499.269,506.2629,1.1416666666666666
3490.6306,505.7986,1.1444444444444446
3493.953,502.66476,1.1472222222222224
3501.4526,504.62228,1.1500000000000001
3503.0063,494.6003,1.152777777777778
3493.204,502.04166,1.1555555555555557
3484.6665,493.47763,1.1583333333333334
3501.431,505.39755,1.1611111111111112
3506.2026,497.6065,1.163888888888889
3496.9998,504.38068,1.1666666666666667
3493.0188,488.9916,1.1694444444444445
3493.609,487.971,1.1722222222222223
3503.8662,498.0512,1.175
3493.4849,498.07812,1.1777777777777778
3488.3022,494.07825,1.1805555555555556
3509.4424,497.59714,1.1833333333333333
3496.1929,500.19458,1.1861111111111111
3493.9836,507.88626,1.1888888888888889
3493.92,498.41037,1.1916666666666667
3496.2537,492.76416,1.1944444444444444
3484.187,505.49088,1.1972222222222222
3495.7007,504.3993,1.2
3501.7778,493.28058,1.2027777777777777
3498.8247,508.64935,1.2055555555555555
3506.9797,486.53943,1.2083333333333335
3508.016,496.95166,1.2111111111111112
3501.181,497.8016,1.213888888888889
3485.3494,509.19272,1.2166666666666668
3500.4656,489.76218,1.2194444444444446
3508.7424,496.12213,1.2222222222222223
3481.0688,501.26712,1.225
3481.2202,507.96344,1.2277777777777779
3503.5564,505.11676,1.2305555555555556
3506.972,504.19498,1.2333333333333334
3514.741,499.64,1.2361111111111112
3513.0334,501.70364,1.238888888888889
3507.6912,504.67865,1.2416666666666667
3493.7214,491.17673,1.2444444444444445
3506.2612,508.84827,1.2472222222222222
3502.9656,502.7511,1.25
3493.2666,496.36868,1.2527777777777778
3498.5344,501.5134,1.2555555555555555
3510.7031,508.59164,1.2583333333333333
3503.1616,485.13614,1.261111111111111
3493.6682,509.3962,1.2638888888888888
3500.8875,509.07907,1.2666666666666666
3499.9802,497.34903,1.2694444444444446
3498.3354,496.90033,1.2722222222222224
3505.4082,489.86734,1.2750000000000001
3495.964,500.85117,1.277777777777778
3505.565,496.91843,1.2805555555555557
3508.5625,500.68527,1.2833333333333334
3495.1697,498.7556,1.2861111111111112
3484.978,487.55374,1.288888888888889
3492.1301,500.26236,1.2916666666666667
3504.27,504.97406,1.2944444444444445
3503.5786,483.20755,1.2972222222222223
3508.2769,508.47845,1.3
3503.162,487.03458,1.3027777777777778
3512.9656,504.28427,1.3055555555555556
3498.5444,497.43695,1.3083333333333333
3499.1746,506.5161,1.3111111111111111
3486.1206,495.13272,1.3138888888888889
3502.5544,493.54233,1.3166666666666667
3498.478,493.54602,1.3194444444444444
3492.9854,501.05957,1.3222222222222222
3520.1365,499.9474,1.325
3482.8179,499.35995,1.3277777777777777
3506.3584,489.93994,1.3305555555555557
3498.94,496.62582,1.3333333333333335
3495.2441,488.6192,1.3361111111111112
3503.35,501.96262,1.338888888888889
3498.0679,502.53635,1.3416666666666668
3507.208,499.96957,1.3444444444444446
3503.5896,493.29092,1.3472222222222223
3493.277,505.1494,1.35
3496.9238,506.513,1.3527777777777779
3507.2441,508.1938,1.3555555555555556
3481.3855,490.61975,1.3583333333333334
3507.5154,503.501,1.3611111111111112
3496.0747,505.91388,1.363888888888889
3534.7148,499.93863,1.3666666666666667
3489.0974,502.81287,1.3694444444444445
3483.5203,494.89188,1.3722222222222222
3495.4536,500.61743,1.375
3486.7744,495.9361,1.3777777777777778
3491.0115,505.60355,1.3805555555555555
3498.2524,498.3465,1.3833333333333333
3492.4233,499.10553,1.386111111111111
3497.984,512.8759,1.3888888888888888
3503.4233,501.75522,1.3916666666666668
3501.8633,500.6647,1.3944444444444446
3494.8875,509.606,1.3972222222222224
3499.1958,497.68344,1.4000000000000001
3506.248,500.32343,1.402777777777778
3508.995,499.51477,1.4055555555555557
3504.7678,495.66522,1.4083333333333334
3491.1184,500.1035,1.4111111111111112
3494.5251,506.88785,1.413888888888889
3505.7603,503.3251,1.4166666666666667
3506.0847,496.50198,1.4194444444444445
3500.1555,503.31366,1.4222222222222223
3490.9543,509.4144,1.425
3509.7664,503.27274,1.4277777777777778
3497.1218,502.31454,1.4305555555555556
3513.12,497.866,1.4333333333333333
3494.456,490.07486,1.4361111111111111
3513.1604,497.515,1.4388888888888889
3495.2234,500.5602,1.4416666666666667
3492.7195,503.84775,1.4444444444444444
3513.2788,500.02518,1.4472222222222222
3513.1497,495.21143,1.45
3507.273,495.81845,1.4527777777777777
3495.077,497.7477,1.4555555555555557
3501.1714,502.5874,1.4583333333333335
3506.3123,501.1425,1.4611111111111112
3495.898,496.06616,1.463888888888889
3503.2021,501.93796,1.4666666666666668
3522.4768,503.95416,1.4694444444444446
3499.4846,500.85175,1.4722222222222223
3514.9023,511.16357,1.475
3498.3525,497.15533,1.4777777777777779
3515.7673,493.7982,1.4805555555555556
3487.0745,501.32065,1.4833333333333334
3490.9126,496.02792,1.4861111111111112
3501.229,500.48883,1.488888888888889
3493.2854,491.84357,1.4916666666666667
3493.3215,501.13516,1.4944444444444445
3493.8914,497.4658,1.4972222222222222
3496.978,500.61087,1.5
3488.5325,502.44632,1.5027777777777778
3491.405,492.35272,1.5055555555555555
3493.6938,499.8991,1.5083333333333333
3499.886,499.6969,1.511111111111111
3496.2847,495.686,1.5138888888888888
3499.1184,496.4624,1.5166666666666668
3495.6196,505.9926,1.5194444444444446
3482.9255,505.7392,1.5222222222222224
3495.4238,498.69565,1.5250000000000001
3500.8516,502.63147,1.527777777777778
3510.456,507.0003,1.5305555555555557
3504.2988,507.5971,1.5333333333333334
3494.4685,502.2384,1.5361111111111112
3498.5444,495.8107,1.538888888888889
3515.4321,504.58673,1.5416666666666667
3492.3643,499.55328,1.5444444444444445
3498.8445,501.17044,1.5472222222222223
3493.1455,496.6073,1.55
3498.495,500.64178,1.5527777777777778
3504.8157,493.7634,1.5555555555555556
3499.9944,496.0079,1.5583333333333333
3496.534,509.49756,1.5611111111111111
3511.7092,500.72937,1.5638888888888889
3508.6357,491.14096,1.5666666666666667
3511.869,492.07947,1.5694444444444444
3516.0444,494.8715,1.5722222222222222
3491.717,491.69208,1.575
3502.9404,503.37143,1.577777777777778
3498.8325,491.00766,1.5805555555555557
3503.875,497.48035,1.5833333333333335
3513.573,496.06885,1.5861111111111112
3489.4,501.35907,1.588888888888889
3495.2,504.0969,1.5916666666666668
3496.4666,503.19,1.5944444444444446
3507.5056,490.60928,1.5972222222222223
3495.415,499.42825,1.6
3491.1396,498.40826,1.6027777777777779
3512.0447,499.9125,1.6055555555555556
3491.0774,498.40103,1.6083333333333334
3489.01,493.63892,1.6111111111111112
3508.9512,501.17136,1.613888888888889
3496.1252,500.64557,1.6166666666666667
3504.5447,504.89264,1.6194444444444445
3507.2905,495.26935,1.6222222222222222
3509.532,497.24637,1.625
3493.2566,502.3549,1.6277777777777778
3496.5332,504.80167,1.6305555555555555
3485.506,504.07748,1.6333333333333333
3491.7632,511.42093,1.636111111111111
3504.118,505.1821,1.638888888888889
3502.677,492.90753,1.6416666666666668
3501.3499,488.03033,1.6444444444444446
3506.457,493.74884,1.6472222222222224
3498.3135,490.15775,1.6500000000000001
3499.456,500.44427,1.652777777777778
3497.2776,500.3574,1.6555555555555557
3496.1091,509.064,1.6583333333333334
3496.7847,505.1227,1.6611111111111112
3497.5527,503.37173,1.663888888888889
3509.6501,500.83594,1.6666666666666667
3504.0825,495.51294,1.6694444444444445
3490.005,482.8573,1.6722222222222223
3513.6323,503.8349,1.675
3504.9922,502.28723,1.6777777777777778
3484.056,502.83563,1.6805555555555556
3487.124,502.14667,1.6833333333333333
3479.7185,497.9575,1.6861111111111111
3496.9045,503.6805,1.6888888888888889
3479.4067,493.4816,1.6916666666666667
3506.6062,501.2505,1.6944444444444444
3493.3037,499.37082,1.6972222222222222
3498.2039,497.77982,1.7
3505.6357,504.2551,1.702777777777778
3506.2358,505.78976,1.7055555555555557
3505.7896,501.22726,1.7083333333333335
3503.0256,504.81503,1.7111111111111112
3507.3218,507.76022,1.713888888888889
3499.8809,500.879,1.7166666666666668
3513.843,499.30963,1.7194444444444446
3508.6785,499.2502,1.7222222222222223
3496.3591,496.47195,1.725
3497.0093,503.52512,1.7277777777777779
3498.3843,501.87375,1.7305555555555556
3504.3333,499.20636,1.7333333333333334
3502.8064,483.6431,1.7361111111111112
3497.7068,495.11865,1.738888888888889
3489.1174,480.0267,1.7416666666666667
3496.5593,491.26422,1.7444444444444445
3499.61,506.5612,1.7472222222222222
3485.6826,495.9489,1.75
3495.2979,507.41077,1.7527777777777778
3490.7905,499.7632,1.7555555555555555
3510.1973,508.65808,1.7583333333333333
3506.354,500.5724,1.761111111111111
3495.5342,492.57516,1.763888888888889
3505.575,496.70297,1.7666666666666668
3508.3733,494.70306,1.7694444444444446
3495.0093,503.96573,1.7722222222222224
3492.3567,499.60455,1.7750000000000001
3495.7732,491.80264,1.777777777777778
3487.585,493.76093,1.7805555555555557
3500.5032,496.53455,1.7833333333333334
3495.0962,494.3705,1.7861111111111112
3498.369,493.86636,1.788888888888889
3497.4941,495.75024,1.7916666666666667
3494.4775,503.41293,1.7944444444444445
3511.923,505.8019,1.7972222222222223
3500.1462,501.92108,1.8
3490.6897,499.1104,1.8027777777777778
3512.7524,506.9413,1.8055555555555556
3495.0623,503.822,1.8083333333333333
3480.878,498.40588,1.8111111111111111
3518.8767,502.7988,1.8138888888888889
3501.7305,501.89374,1.8166666666666667
3492.2083,495.56653,1.8194444444444444
3501.5989,498.15366,1.8222222222222222
3521.0776,500.30997,1.8250000000000002
3500.1946,495.4266,1.827777777777778
3501.7224,507.9989,1.8305555555555557
3506.1755,497.5765,1.8333333333333335
3499.6743,502.89056,1.8361111111111112
3489.8682,492.39676,1.838888888888889
3488.4458,505.99615,1.8416666666666668
3494.207,495.10376,1.8444444444444446
3496.6733,493.39633,1.8472222222222223
3495.0972,497.02887,1.85
3498.3179,501.32748,1.8527777777777779
3491.813,497.78958,1.8555555555555556
3488.697,502.69742,1.8583333333333334
3493.695,503.352,1.8611111111111112
3510.447,500.25153,1.863888888888889
3490.5024,499.80182,1.8666666666666667
3506.2927,494.89175,1.8694444444444445
3505.7898,497.35223,1.8722222222222222
3495.4868,489.21017,1.875
3495.3074,500.5245,1.8777777777777778
3508.9006,492.91815,1.8805555555555555
3511.4834,503.89047,1.8833333333333333
3502.015,516.00415,1.8861111111111113
3486.9731,502.4339,1.888888888888889
3511.6685,496.55716,1.8916666666666668
3491.9746,496.47604,1.8944444444444446
3504.4792,496.1272,1.8972222222222224
3491.0288,506.68665,1.9000000000000001
3499.8518,491.76556,1.902777777777778
3518.0554,500.53534,1.9055555555555557
3503.0947,491.91855,1.9083333333333334
3493.0679,497.71417,1.9111111111111112
3502.2578,501.8956,1.913888888888889
3503.452,498.84332,1.9166666666666667
3495.1213,492.76483,1.9194444444444445
3502.8718,509.6461,1.9222222222222223
3506.387,499.41296,1.925
3503.6958,499.10635,1.9277777777777778
3512.8525,496.3694,1.9305555555555556
3489.4246,495.62445,1.9333333333333333
3495.2295,500.85498,1.9361111111111111
3500.5325,499.4149,1.9388888888888889
3496.79,499.10333,1.9416666666666667
3492.0679,498.94427,1.9444444444444444
3499.794,501.192,1.9472222222222222
3518.876,507.20847,1.9500000000000002
3511.4497,510.5548,1.952777777777778
3494.0857,490.42804,1.9555555555555557
3493.6704,501.32538,1.9583333333333335
3486.9856,497.3484,1.9611111111111112
3487.5154,508.76288,1.963888888888889
3487.843,500.79852,1.9666666666666668
3507.1099,501.2936,1.9694444444444446
3499.3906,493.61017,1.9722222222222223
3490.7437,497.26685,1.975
3503.8047,497.29733,1.9777777777777779
3491.1365,503.7029,1.9805555555555556
3495.2598,501.89096,1.9833333333333334
3514.9968,491.83575,1.9861111111111112
3495.2866,508.7301,1.988888888888889
3494.0813,507.02902,1.9916666666666667
3496.0747,497.88348,1.9944444444444445
3503.7603,502.26044,1.9972222222222222
3484.6045,497.75314,2.0
3469.4387,500.25668,2.0027777777777778
3432.4321,497.42365,2.0055555555555555
3431.5369,500.3354,2.0083333333333333
3390.622,503.23782,2.011111111111111
3356.358,501.46848,2.013888888888889
3348.848,503.66016,2.0166666666666666
3311.6511,499.28363,2.0194444444444444
3277.5535,496.30557,2.022222222222222
3251.2087,501.08563,2.025
3215.3706,499.29355,2.0277777777777777
3198.9585,504.15152,2.0305555555555554
3166.174,501.67255,2.033333333333333
3124.52,488.28287,2.036111111111111
3109.7668,502.22833,2.0388888888888888
3089.525,500.41824,2.041666666666667
3060.7544,504.26556,2.0444444444444447
3036.407,499.53906,2.0472222222222225
3020.3882,492.80917,2.0500000000000003
2990.258,499.97534,2.052777777777778
2932.8088,502.69623,2.055555555555556
2916.9773,506.51834,2.0583333333333336
2899.6467,505.278,2.0611111111111113
2872.7573,502.11075,2.063888888888889
2826.9004,489.10825,2.066666666666667
2803.1401,499.42667,2.0694444444444446
2774.6282,504.54468,2.0722222222222224
2751.6455,502.3747,2.075
2730.1516,493.63034,2.077777777777778
2698.7515,513.1602,2.0805555555555557
2676.269,497.3382,2.0833333333333335
2634.8413,492.16382,2.0861111111111112
2609.4592,500.08438,2.088888888888889
2581.4417,502.6505,2.091666666666667
2543.9883,500.50665,2.0944444444444446
2530.5981,501.36026,2.0972222222222223
2494.168,508.18405,2.1
2466.796,500.44153,2.102777777777778
2447.4749,509.15915,2.1055555555555556
2411.437,500.44333,2.1083333333333334
2374.8035,489.37296,2.111111111111111
2370.742,498.16058,2.113888888888889
2329.2148,498.07812,2.1166666666666667
2301.6206,496.0265,2.1194444444444445
2278.8643,507.95023,2.1222222222222222
2241.2075,505.22006,2.125
2221.7188,498.12256,2.1277777777777778
2190.2798,499.51572,2.1305555555555555
2171.7922,492.1706,2.1333333333333333
2148.6067,509.20242,2.136111111111111
2115.3022,490.99966,2.138888888888889
2094.1797,503.57895,2.1416666666666666
2055.1619,501.72888,2.1444444444444444
2023.849,494.85544,2.147222222222222
2023.0023,498.34888,2.15
1975.1858,499.39288,2.1527777777777777
1962.264,503.2215,2.1555555555555554
1911.6553,501.1497,2.158333333333333
1896.1362,499.09595,2.161111111111111
1857.7081,491.52032,2.1638888888888888
1837.7849,499.64935,2.166666666666667
1806.3243,501.03494,2.1694444444444447
1782.4596,497.81174,2.1722222222222225
1753.5491,514.5633,2.1750000000000003
1748.0459,505.82263,2.177777777777778
1690.7205,495.94672,2.180555555555556
1664.215,502.07474,2.1833333333333336
1631.4742,504.2817,2.1861111111111113
1613.3418,500.20688,2.188888888888889
1593.7767,498.71667,2.191666666666667
1555.4932,505.8472,2.1944444444444446
1529.2573,499.86557,2.1972222222222224
1502.758,498.41464,2.2
1466.9518,500.71964,2.202777777777778
1446.8263,511.29895,2.2055555555555557
1408.0479,492.2743,2.2083333333333335
1375.2625,501.5539,2.2111111111111112
1366.3,505.7192,2.213888888888889
1330.5619,495.35132,2.216666666666667
1308.0233,503.7416,2.2194444444444446
1282.0204,508.3928,2.2222222222222223
1253.2327,509.99112,2.225
1223.2235,497.54108,2.227777777777778
1188.4109,503.11545,2.2305555555555556
1170.724,504.20218,2.2333333333333334
1129.906,502.60126,2.236111111111111
1094.105,488.228,2.238888888888889
1076.1605,502.92575,2.2416666666666667
1063.6957,497.32498,2.2444444444444445
1027.0388,495.3356,2.2472222222222222
996.9496,509.8299,2.25
994.27606,506.5942,2.2527777777777778
984.6289,506.62964,2.2555555555555555
987.9049,495.3752,2.2583333333333333
1002.80505,494.26236,2.261111111111111
1001.2426,503.85852,2.263888888888889
997.4575,497.12524,2.2666666666666666
997.85846,488.47687,2.2694444444444444
993.6776,494.43463,2.272222222222222
989.2798,504.89664,2.275
1007.5744,498.01697,2.2777777777777777
976.1711,505.52283,2.2805555555555554
980.87756,494.32306,2.283333333333333
986.1947,511.05392,2.286111111111111
983.0997,506.50757,2.288888888888889
1001.0162,508.60336,2.291666666666667
1002.17114,504.7076,2.2944444444444447
1009.0216,504.90634,2.2972222222222225
1008.9766,499.94907,2.3000000000000003
994.53424,498.81503,2.302777777777778
992.74756,492.4509,2.305555555555556
1006.1952,500.35742,2.3083333333333336
997.9171,495.28506,2.3111111111111113
1020.5917,502.7542,2.313888888888889
995.6934,499.79608,2.316666666666667
1005.14374,494.4693,2.3194444444444446
1009.62524,499.41013,2.3222222222222224
991.04865,495.2152,2.325
1007.3316,502.6507,2.327777777777778
1002.6301,510.26282,2.3305555555555557
1004.54877,496.13394,2.3333333333333335
1005.21967,497.92813,2.3361111111111112
998.8686,498.87027,2.338888888888889
1023.2172,505.1821,2.341666666666667
1009.50714,501.04437,2.3444444444444446
1010.9694,496.51202,2.3472222222222223
1007.0041,493.25595,2.35
993.60126,510.5022,2.352777777777778
1001.8818,498.33932,2.3555555555555556
1008.4454,507.79523,2.3583333333333334
994.6003,493.4908,2.361111111111111
1001.4438,501.16943,2.363888888888889
987.5429,505.8193,2.3666666666666667
997.25507,502.59695,2.3694444444444445
992.81866,501.95398,2.3722222222222222
1008.78296,498.5983,2.375
995.45184,496.3757,2.3777777777777778
1003.74164,498.5344,2.3805555555555555
989.10333,503.29895,2.3833333333333333
1016.06177,497.51434,2.386111111111111
1003.188,502.70532,2.388888888888889
1000.61115,504.3013,2.3916666666666666
995.9709,500.96188,2.3944444444444444
1003.81555,498.51578,2.397222222222222
994.35486,493.59482,2.4
991.95337,495.74243,2.4027777777777777
998.68207,508.51328,2.4055555555555554
1004.7348,500.2555,2.408333333333333
1006.41595,501.56314,2.411111111111111
999.5815,509.37976,2.413888888888889
1005.7698,509.35156,2.416666666666667
985.72284,495.80838,2.4194444444444447
1008.94366,501.10812,2.4222222222222225
991.0397,496.14435,2.4250000000000003
1000.0704,495.25,2.427777777777778
1012.01935,492.83597,2.430555555555556
992.2473,496.97247,2.4333333333333336
1005.14496,501.19058,2.4361111111111113
1008.1701,508.34784,2.438888888888889
996.8913,501.25647,2.441666666666667
1000.7901,502.49008,2.4444444444444446
1009.6689,504.82556,2.4472222222222224
1012.9302,496.9171,2.45
1010.7616,505.68332,2.452777777777778
1003.41907,496.73645,2.4555555555555557
1005.83685,499.8319,2.4583333333333335
1001.64014,502.6235,2.4611111111111112
1007.3568,501.83994,2.463888888888889
996.6237,497.3229,2.466666666666667
995.04755,503.073,2.4694444444444446
1009.2356,505.39215,2.4722222222222223
997.8064,497.47424,2.475
1003.9336,503.4775,2.477777777777778
994.0639,493.91193,2.4805555555555556
1002.72894,490.90152,2.4833333333333334
1017.9694,506.1382,2.486111111111111
1001.44196,503.74045,2.488888888888889
1000.4151,509.17017,2.4916666666666667
988.1587,498.70862,2.4944444444444445
987.5983,496.39767,2.4972222222222222
1009.87427,494.6507,2.5
